SKU,Brand,Line,Subline,Series,Wrestler,Year,Category,attribute:pa_brand,attribute:pa_line,attribute:pa_subline,attribute:pa_series,attribute:pa_wrestler,attribute:pa_year-attrib,images
Elite1,Mattel,Elite,Elites,Series 1,Edge,2010,Mattel > Elite > Elites,Mattel,Elite,Elites,Series 1,Edge,2010,http://wrestlingfigurehq.com/images/Mattel/Elite/Series 1/Edge.jpg
Elite2,Mattel,Elite,Elites,Series 1,Undertaker,2010,Mattel > Elite > Elites,Mattel,Elite,Elites,Series 1,Undertaker,2010,http://wrestlingfigurehq.com/images/Mattel/Elite/Series 1/Undertaker.jpg
Elite3,Mattel,Elite,Elites,Series 1,CM Punk,2010,Mattel > Elite > Elites,Mattel,Elite,Elites,Series 1,CM Punk,2010,http://wrestlingfigurehq.com/images/Mattel/Elite/Series 1/CM Punk.jpg
Elite4,Mattel,Elite,Elites,Series 1,MVP,2010,Mattel > Elite > Elites,Mattel,Elite,Elites,Series 1,MVP,2010,http://wrestlingfigurehq.com/images/Mattel/Elite/Series 1/MVP.jpg
Elite5,Mattel,Elite,Elites,Series 1,Rey Mysterio,2010,Mattel > Elite > Elites,Mattel,Elite,Elites,Series 1,Rey Mysterio,2010,http://wrestlingfigurehq.com/images/Mattel/Elite/Series 1/Rey Mysterio.jpg
Elite6,Mattel,Elite,Elites,Series 1,Jeff Hardy (Proto),2010,Mattel > Elite > Elites,Mattel,Elite,Elites,Series 1,Jeff Hardy,2010,http://wrestlingfigurehq.com/images/Mattel/Elite/Series 1/Jeff Hardy (Proto).jpg
Elite7,Mattel,Elite,Elites,Series 2,R-Truth,2010,Mattel > Elite > Elites,Mattel,Elite,Elites,Series 2,R-Truth,2010,http://wrestlingfigurehq.com/images/Mattel/Elite/Series 2/R-Truth.jpg
Elite8,Mattel,Elite,Elites,Series 2,Matt Hardy,2010,Mattel > Elite > Elites,Mattel,Elite,Elites,Series 2,Matt Hardy,2010,http://wrestlingfigurehq.com/images/Mattel/Elite/Series 2/Matt Hardy.jpg
Elite9,Mattel,Elite,Elites,Series 2,Randy Orton,2010,Mattel > Elite > Elites,Mattel,Elite,Elites,Series 2,Randy Orton,2010,http://wrestlingfigurehq.com/images/Mattel/Elite/Series 2/Randy Orton.jpg
Elite10,Mattel,Elite,Elites,Series 2,Triple H,2010,Mattel > Elite > Elites,Mattel,Elite,Elites,Series 2,Triple H,2010,http://wrestlingfigurehq.com/images/Mattel/Elite/Series 2/Triple H.jpg
Elite11,Mattel,Elite,Elites,Series 2,Batista,2010,Mattel > Elite > Elites,Mattel,Elite,Elites,Series 2,Batista,2010,http://wrestlingfigurehq.com/images/Mattel/Elite/Series 2/Batista.jpg
Elite12,Mattel,Elite,Elites,Series 2,Ted Dibiase,2010,Mattel > Elite > Elites,Mattel,Elite,Elites,Series 2,Ted Dibiase,2010,http://wrestlingfigurehq.com/images/Mattel/Elite/Series 2/Ted Dibiase.jpg
Elite13,Mattel,Elite,Elites,Series 3,Christian,2010,Mattel > Elite > Elites,Mattel,Elite,Elites,Series 3,Christian,2010,http://wrestlingfigurehq.com/images/Mattel/Elite/Series 3/Christian.jpg
Elite14,Mattel,Elite,Elites,Series 3,The Miz,2010,Mattel > Elite > Elites,Mattel,Elite,Elites,Series 3,The Miz,2010,http://wrestlingfigurehq.com/images/Mattel/Elite/Series 3/The Miz.jpg
Elite15,Mattel,Elite,Elites,Series 3,Shawn Michaels,2010,Mattel > Elite > Elites,Mattel,Elite,Elites,Series 3,Shawn Michaels,2010,http://wrestlingfigurehq.com/images/Mattel/Elite/Series 3/Shawn Michaels.jpg
Elite16,Mattel,Elite,Elites,Series 3,John Cena,2010,Mattel > Elite > Elites,Mattel,Elite,Elites,Series 3,John Cena,2010,http://wrestlingfigurehq.com/images/Mattel/Elite/Series 3/John Cena.jpg
Elite17,Mattel,Elite,Elites,Series 3,Cody Rhodes,2010,Mattel > Elite > Elites,Mattel,Elite,Elites,Series 3,Cody Rhodes,2010,http://wrestlingfigurehq.com/images/Mattel/Elite/Series 3/Cody Rhodes.jpg
Elite18,Mattel,Elite,Elites,Series 3,Santino Marella,2010,Mattel > Elite > Elites,Mattel,Elite,Elites,Series 3,Santino Marella,2010,http://wrestlingfigurehq.com/images/Mattel/Elite/Series 3/Santino Marella.jpg
Elite19,Mattel,Elite,Elites,Series 4,Big Show,2010,Mattel > Elite > Elites,Mattel,Elite,Elites,Series 4,Big Show,2010,http://wrestlingfigurehq.com/images/Mattel/Elite/Series 4/Big Show.jpg
Elite20,Mattel,Elite,Elites,Series 4,Kane,2010,Mattel > Elite > Elites,Mattel,Elite,Elites,Series 4,Kane,2010,http://wrestlingfigurehq.com/images/Mattel/Elite/Series 4/Kane.jpg
Elite21,Mattel,Elite,Elites,Series 4,John Morrison,2010,Mattel > Elite > Elites,Mattel,Elite,Elites,Series 4,John Morrison,2010,http://wrestlingfigurehq.com/images/Mattel/Elite/Series 4/John Morrison.jpg
Elite22,Mattel,Elite,Elites,Series 4,Kofi Kingston,2010,Mattel > Elite > Elites,Mattel,Elite,Elites,Series 4,Kofi Kingston,2010,http://wrestlingfigurehq.com/images/Mattel/Elite/Series 4/Kofi Kingston.jpg
Elite23,Mattel,Elite,Elites,Series 4,Finlay,2010,Mattel > Elite > Elites,Mattel,Elite,Elites,Series 4,Finlay,2010,http://wrestlingfigurehq.com/images/Mattel/Elite/Series 4/Finlay.jpg
Elite24,Mattel,Elite,Elites,Series 4,Chris Jericho (Purple),2010,Mattel > Elite > Elites,Mattel,Elite,Elites,Series 4,Chris Jericho,2010,http://wrestlingfigurehq.com/images/Mattel/Elite/Series 4/Chris Jericho (Purple).jpg
Elite25,Mattel,Elite,Elites,Series 4,Chris Jericho (Blue),2010,Mattel > Elite > Elites,Mattel,Elite,Elites,Series 4,Chris Jericho,2010,http://wrestlingfigurehq.com/images/Mattel/Elite/Series 4/Chris Jericho (Blue).jpg
Elite26,Mattel,Elite,Elites,Series 5,Dolph Ziggler,2010,Mattel > Elite > Elites,Mattel,Elite,Elites,Series 5,Dolph Ziggler,2010,http://wrestlingfigurehq.com/images/Mattel/Elite/Series 5/Dolph Ziggler.jpg
Elite27,Mattel,Elite,Elites,Series 5,Rey Mysterio,2010,Mattel > Elite > Elites,Mattel,Elite,Elites,Series 5,Rey Mysterio,2010,http://wrestlingfigurehq.com/images/Mattel/Elite/Series 5/Rey Mysterio.jpg
Elite28,Mattel,Elite,Elites,Series 5,Vladimir Kozlov,2010,Mattel > Elite > Elites,Mattel,Elite,Elites,Series 5,Vladimir Kozlov,2010,http://wrestlingfigurehq.com/images/Mattel/Elite/Series 5/Vladimir Kozlov.jpg
Elite29,Mattel,Elite,Elites,Series 5,Chavo Guerrero,2010,Mattel > Elite > Elites,Mattel,Elite,Elites,Series 5,Chavo Guerrero,2010,http://wrestlingfigurehq.com/images/Mattel/Elite/Series 5/Chavo Guerrero.jpg
Elite30,Mattel,Elite,Elites,Series 5,Jack Swagger,2010,Mattel > Elite > Elites,Mattel,Elite,Elites,Series 5,Jack Swagger,2010,http://wrestlingfigurehq.com/images/Mattel/Elite/Series 5/Jack Swagger.jpg
Elite31,Mattel,Elite,Elites,Series 5,Mark Henry,2010,Mattel > Elite > Elites,Mattel,Elite,Elites,Series 5,Mark Henry,2010,http://wrestlingfigurehq.com/images/Mattel/Elite/Series 5/Mark Henry.jpg
Elite32,Mattel,Elite,Elites,Series 6,Batista,2010,Mattel > Elite > Elites,Mattel,Elite,Elites,Series 6,Batista,2010,http://wrestlingfigurehq.com/images/Mattel/Elite/Series 6/Batista.jpg
Elite33,Mattel,Elite,Elites,Series 6,Matt Hardy,2010,Mattel > Elite > Elites,Mattel,Elite,Elites,Series 6,Matt Hardy,2010,http://wrestlingfigurehq.com/images/Mattel/Elite/Series 6/Matt Hardy.jpg
Elite34,Mattel,Elite,Elites,Series 6,Shad,2010,Mattel > Elite > Elites,Mattel,Elite,Elites,Series 6,Shad,2010,http://wrestlingfigurehq.com/images/Mattel/Elite/Series 6/Shad.jpg
Elite35,Mattel,Elite,Elites,Series 6,JTG,2010,Mattel > Elite > Elites,Mattel,Elite,Elites,Series 6,JTG,2010,http://wrestlingfigurehq.com/images/Mattel/Elite/Series 6/JTG.jpg
Elite36,Mattel,Elite,Elites,Series 6,Goldust,2010,Mattel > Elite > Elites,Mattel,Elite,Elites,Series 6,Goldust,2010,http://wrestlingfigurehq.com/images/Mattel/Elite/Series 6/Goldust.jpg
Elite37,Mattel,Elite,Elites,Series 6,CM Punk,2010,Mattel > Elite > Elites,Mattel,Elite,Elites,Series 6,CM Punk,2010,http://wrestlingfigurehq.com/images/Mattel/Elite/Series 6/CM Punk.jpg
Elite44,Mattel,Elite,Elites,Series 7,John Cena,2011,Mattel > Elite > Elites,Mattel,Elite,Elites,Series 7,John Cena,2011,http://wrestlingfigurehq.com/images/Mattel/Elite/Series 7/John Cena.jpg
Elite45,Mattel,Elite,Elites,Series 7,Triple H,2011,Mattel > Elite > Elites,Mattel,Elite,Elites,Series 7,Triple H,2011,http://wrestlingfigurehq.com/images/Mattel/Elite/Series 7/Triple H.jpg
Elite46,Mattel,Elite,Elites,Series 7,Shawn Michaels,2011,Mattel > Elite > Elites,Mattel,Elite,Elites,Series 7,Shawn Michaels,2011,http://wrestlingfigurehq.com/images/Mattel/Elite/Series 7/Shawn Michaels.jpg
Elite47,Mattel,Elite,Elites,Series 7,Hornswoggle,2011,Mattel > Elite > Elites,Mattel,Elite,Elites,Series 7,Hornswoggle,2011,http://wrestlingfigurehq.com/images/Mattel/Elite/Series 7/Hornswoggle.jpg
Elite48,Mattel,Elite,Elites,Series 7,David Hart Smith,2011,Mattel > Elite > Elites,Mattel,Elite,Elites,Series 7,David Hart Smith,2011,http://wrestlingfigurehq.com/images/Mattel/Elite/Series 7/David Hart Smith.jpg
Elite49,Mattel,Elite,Elites,Series 7,Tyson Kidd,2011,Mattel > Elite > Elites,Mattel,Elite,Elites,Series 7,Tyson Kidd,2011,http://wrestlingfigurehq.com/images/Mattel/Elite/Series 7/Tyson Kidd.jpg
Elite50,Mattel,Elite,Elites,Series 8,Drew McIntyre,2011,Mattel > Elite > Elites,Mattel,Elite,Elites,Series 8,Drew McIntyre,2011,http://wrestlingfigurehq.com/images/Mattel/Elite/Series 8/Drew McIntyre.jpg
Elite51,Mattel,Elite,Elites,Series 8,Sheamus,2011,Mattel > Elite > Elites,Mattel,Elite,Elites,Series 8,Sheamus,2011,http://wrestlingfigurehq.com/images/Mattel/Elite/Series 8/Sheamus.jpg
Elite52,Mattel,Elite,Elites,Series 8,Evan Bourne,2011,Mattel > Elite > Elites,Mattel,Elite,Elites,Series 8,Evan Bourne,2011,http://wrestlingfigurehq.com/images/Mattel/Elite/Series 8/Evan Bourne.jpg
Elite53,Mattel,Elite,Elites,Series 8,Undertaker,2011,Mattel > Elite > Elites,Mattel,Elite,Elites,Series 8,Undertaker,2011,http://wrestlingfigurehq.com/images/Mattel/Elite/Series 8/Undertaker.jpg
Elite54,Mattel,Elite,Elites,Series 8,William Regal,2011,Mattel > Elite > Elites,Mattel,Elite,Elites,Series 8,William Regal,2011,http://wrestlingfigurehq.com/images/Mattel/Elite/Series 8/William Regal.jpg
Elite55,Mattel,Elite,Elites,Series 8,Edge,2011,Mattel > Elite > Elites,Mattel,Elite,Elites,Series 8,Edge,2011,http://wrestlingfigurehq.com/images/Mattel/Elite/Series 8/Edge.jpg
Elite56,Mattel,Elite,Elites,Series 9,Zack Ryder,2011,Mattel > Elite > Elites,Mattel,Elite,Elites,Series 9,Zack Ryder,2011,http://wrestlingfigurehq.com/images/Mattel/Elite/Series 9/Zack Ryder.jpg
Elite57,Mattel,Elite,Elites,Series 9,The Miz,2011,Mattel > Elite > Elites,Mattel,Elite,Elites,Series 9,The Miz,2011,http://wrestlingfigurehq.com/images/Mattel/Elite/Series 9/The Miz.jpg
Elite58,Mattel,Elite,Elites,Series 9,Randy Orton,2011,Mattel > Elite > Elites,Mattel,Elite,Elites,Series 9,Randy Orton,2011,http://wrestlingfigurehq.com/images/Mattel/Elite/Series 9/Randy Orton.jpg
Elite59,Mattel,Elite,Elites,Series 9,Kofi Kingston,2011,Mattel > Elite > Elites,Mattel,Elite,Elites,Series 9,Kofi Kingston,2011,http://wrestlingfigurehq.com/images/Mattel/Elite/Series 9/Kofi Kingston.jpg
Elite60,Mattel,Elite,Elites,Series 9,MVP,2011,Mattel > Elite > Elites,Mattel,Elite,Elites,Series 9,MVP,2011,http://wrestlingfigurehq.com/images/Mattel/Elite/Series 9/MVP.jpg
Elite61,Mattel,Elite,Elites,Series 9,Luke Gallows,2011,Mattel > Elite > Elites,Mattel,Elite,Elites,Series 9,Luke Gallows,2011,http://wrestlingfigurehq.com/images/Mattel/Elite/Series 9/Luke Gallows.jpg
Elite62,Mattel,Elite,Elites,Series 10,R-Truth,2011,Mattel > Elite > Elites,Mattel,Elite,Elites,Series 10,R-Truth,2011,http://wrestlingfigurehq.com/images/Mattel/Elite/Series 10/R-Truth.jpg
Elite63,Mattel,Elite,Elites,Series 10,Kane,2011,Mattel > Elite > Elites,Mattel,Elite,Elites,Series 10,Kane,2011,http://wrestlingfigurehq.com/images/Mattel/Elite/Series 10/Kane.jpg
Elite64,Mattel,Elite,Elites,Series 10,Ted Dibiase,2011,Mattel > Elite > Elites,Mattel,Elite,Elites,Series 10,Ted Dibiase,2011,http://wrestlingfigurehq.com/images/Mattel/Elite/Series 10/Ted Dibiase.jpg
Elite65,Mattel,Elite,Elites,Series 10,John Morrison,2011,Mattel > Elite > Elites,Mattel,Elite,Elites,Series 10,John Morrison,2011,http://wrestlingfigurehq.com/images/Mattel/Elite/Series 10/John Morrison.jpg
Elite66,Mattel,Elite,Elites,Series 10,Big Show,2011,Mattel > Elite > Elites,Mattel,Elite,Elites,Series 10,Big Show,2011,http://wrestlingfigurehq.com/images/Mattel/Elite/Series 10/Big Show.jpg
Elite67,Mattel,Elite,Elites,Series 10,Yoshi Tatsu,2011,Mattel > Elite > Elites,Mattel,Elite,Elites,Series 10,Yoshi Tatsu,2011,http://wrestlingfigurehq.com/images/Mattel/Elite/Series 10/Yoshi Tatsu.jpg
Elite73,Mattel,Elite,Elites,Series 11,John Cena,2011,Mattel > Elite > Elites,Mattel,Elite,Elites,Series 11,John Cena,2011,http://wrestlingfigurehq.com/images/Mattel/Elite/Series 11/John Cena.jpg
Elite74,Mattel,Elite,Elites,Series 11,CM Punk,2011,Mattel > Elite > Elites,Mattel,Elite,Elites,Series 11,CM Punk,2011,http://wrestlingfigurehq.com/images/Mattel/Elite/Series 11/CM Punk.jpg
Elite75,Mattel,Elite,Elites,Series 11,The Miz,2011,Mattel > Elite > Elites,Mattel,Elite,Elites,Series 11,The Miz,2011,http://wrestlingfigurehq.com/images/Mattel/Elite/Series 11/The Miz.jpg
Elite76,Mattel,Elite,Elites,Series 11,Wade Barrett,2011,Mattel > Elite > Elites,Mattel,Elite,Elites,Series 11,Wade Barrett,2011,http://wrestlingfigurehq.com/images/Mattel/Elite/Series 11/Wade Barrett.jpg
Elite77,Mattel,Elite,Elites,Series 11,Christian,2011,Mattel > Elite > Elites,Mattel,Elite,Elites,Series 11,Christian,2011,http://wrestlingfigurehq.com/images/Mattel/Elite/Series 11/Christian.jpg
Elite78,Mattel,Elite,Elites,Series 11,Rey Mysterio,2011,Mattel > Elite > Elites,Mattel,Elite,Elites,Series 11,Rey Mysterio,2011,http://wrestlingfigurehq.com/images/Mattel/Elite/Series 11/Rey Mysterio.jpg
Elite79,Mattel,Elite,Elites,Series 12,Daniel Bryan,2011,Mattel > Elite > Elites,Mattel,Elite,Elites,Series 12,Daniel Bryan,2011,http://wrestlingfigurehq.com/images/Mattel/Elite/Series 12/Daniel Bryan.jpg
Elite80,Mattel,Elite,Elites,Series 12,Randy Orton,2011,Mattel > Elite > Elites,Mattel,Elite,Elites,Series 12,Randy Orton,2011,http://wrestlingfigurehq.com/images/Mattel/Elite/Series 12/Randy Orton.jpg
Elite81,Mattel,Elite,Elites,Series 12,Alberto Del Rio,2011,Mattel > Elite > Elites,Mattel,Elite,Elites,Series 12,Alberto Del Rio,2011,http://wrestlingfigurehq.com/images/Mattel/Elite/Series 12/Alberto Del Rio.jpg
Elite82,Mattel,Elite,Elites,Series 12,Justin Gabriel,2011,Mattel > Elite > Elites,Mattel,Elite,Elites,Series 12,Justin Gabriel,2011,http://wrestlingfigurehq.com/images/Mattel/Elite/Series 12/Justin Gabriel.jpg
Elite83,Mattel,Elite,Elites,Series 12,Kane ,2011,Mattel > Elite > Elites,Mattel,Elite,Elites,Series 12,Kane ,2011,http://wrestlingfigurehq.com/images/Mattel/Elite/Series 12/Kane .jpg
Elite84,Mattel,Elite,Elites,Series 12,Papa Shango,2011,Mattel > Elite > Elites,Mattel,Elite,Elites,Series 12,Papa Shango,2011,http://wrestlingfigurehq.com/images/Mattel/Elite/Series 12/Papa Shango.jpg
Elite85,Mattel,Elite,Elites,Series 13,Cody Rhodes,2012,Mattel > Elite > Elites,Mattel,Elite,Elites,Series 13,Cody Rhodes,2012,http://wrestlingfigurehq.com/images/Mattel/Elite/Series 13/Cody Rhodes.jpg
Elite86,Mattel,Elite,Elites,Series 13,Big Show,2012,Mattel > Elite > Elites,Mattel,Elite,Elites,Series 13,Big Show,2012,http://wrestlingfigurehq.com/images/Mattel/Elite/Series 13/Big Show.jpg
Elite87,Mattel,Elite,Elites,Series 13,Dolph Ziggler,2012,Mattel > Elite > Elites,Mattel,Elite,Elites,Series 13,Dolph Ziggler,2012,http://wrestlingfigurehq.com/images/Mattel/Elite/Series 13/Dolph Ziggler.jpg
Elite88,Mattel,Elite,Elites,Series 13,Rey Mysterio,2012,Mattel > Elite > Elites,Mattel,Elite,Elites,Series 13,Rey Mysterio,2012,http://wrestlingfigurehq.com/images/Mattel/Elite/Series 13/Rey Mysterio.jpg
Elite89,Mattel,Elite,Elites,Series 13,Edge,2012,Mattel > Elite > Elites,Mattel,Elite,Elites,Series 13,Edge,2012,http://wrestlingfigurehq.com/images/Mattel/Elite/Series 13/Edge.jpg
Elite90,Mattel,Elite,Elites,Series 13,Sheamus,2012,Mattel > Elite > Elites,Mattel,Elite,Elites,Series 13,Sheamus,2012,http://wrestlingfigurehq.com/images/Mattel/Elite/Series 13/Sheamus.jpg
Elite91,Mattel,Elite,Elites,Series 14,The Rock,2012,Mattel > Elite > Elites,Mattel,Elite,Elites,Series 14,The Rock,2012,http://wrestlingfigurehq.com/images/Mattel/Elite/Series 14/The Rock.jpg
Elite92,Mattel,Elite,Elites,Series 14,John Cena,2012,Mattel > Elite > Elites,Mattel,Elite,Elites,Series 14,John Cena,2012,http://wrestlingfigurehq.com/images/Mattel/Elite/Series 14/John Cena.jpg
Elite93,Mattel,Elite,Elites,Series 14,Undertaker,2012,Mattel > Elite > Elites,Mattel,Elite,Elites,Series 14,Undertaker,2012,http://wrestlingfigurehq.com/images/Mattel/Elite/Series 14/Undertaker.jpg
Elite94,Mattel,Elite,Elites,Series 14,Alberto Del Rio,2012,Mattel > Elite > Elites,Mattel,Elite,Elites,Series 14,Alberto Del Rio,2012,http://wrestlingfigurehq.com/images/Mattel/Elite/Series 14/Alberto Del Rio.jpg
Elite95,Mattel,Elite,Elites,Series 14,Big Bossman,2012,Mattel > Elite > Elites,Mattel,Elite,Elites,Series 14,Big Bossman,2012,http://wrestlingfigurehq.com/images/Mattel/Elite/Series 14/Big Bossman.jpg
Elite96,Mattel,Elite,Elites,Series 14,Booker T,2012,Mattel > Elite > Elites,Mattel,Elite,Elites,Series 14,Booker T,2012,http://wrestlingfigurehq.com/images/Mattel/Elite/Series 14/Booker T.jpg
Elite97,Mattel,Elite,Elites,Series 15,Yokozuna,2012,Mattel > Elite > Elites,Mattel,Elite,Elites,Series 15,Yokozuna,2012,http://wrestlingfigurehq.com/images/Mattel/Elite/Series 15/Yokozuna.jpg
Elite98,Mattel,Elite,Elites,Series 15,R-Truth,2012,Mattel > Elite > Elites,Mattel,Elite,Elites,Series 15,R-Truth,2012,http://wrestlingfigurehq.com/images/Mattel/Elite/Series 15/R-Truth.jpg
Elite99,Mattel,Elite,Elites,Series 15,Sin Cara,2012,Mattel > Elite > Elites,Mattel,Elite,Elites,Series 15,Sin Cara,2012,http://wrestlingfigurehq.com/images/Mattel/Elite/Series 15/Sin Cara.jpg
Elite100,Mattel,Elite,Elites,Series 15,Rey Mysterio,2012,Mattel > Elite > Elites,Mattel,Elite,Elites,Series 15,Rey Mysterio,2012,http://wrestlingfigurehq.com/images/Mattel/Elite/Series 15/Rey Mysterio.jpg
Elite101,Mattel,Elite,Elites,Series 15,Evan Bourne,2012,Mattel > Elite > Elites,Mattel,Elite,Elites,Series 15,Evan Bourne,2012,http://wrestlingfigurehq.com/images/Mattel/Elite/Series 15/Evan Bourne.jpg
Elite102,Mattel,Elite,Elites,Series 15,Mark Henry,2012,Mattel > Elite > Elites,Mattel,Elite,Elites,Series 15,Mark Henry,2012,http://wrestlingfigurehq.com/images/Mattel/Elite/Series 15/Mark Henry.jpg
Elite103,Mattel,Elite,Elites,Series 16,CM Punk,2012,Mattel > Elite > Elites,Mattel,Elite,Elites,Series 16,CM Punk,2012,http://wrestlingfigurehq.com/images/Mattel/Elite/Series 16/CM Punk.jpg
Elite104,Mattel,Elite,Elites,Series 16,Kevin Nash,2012,Mattel > Elite > Elites,Mattel,Elite,Elites,Series 16,Kevin Nash,2012,http://wrestlingfigurehq.com/images/Mattel/Elite/Series 16/Kevin Nash.jpg
Elite105,Mattel,Elite,Elites,Series 16,Diesel,2012,Mattel > Elite > Elites,Mattel,Elite,Elites,Series 16,Diesel,2012,http://wrestlingfigurehq.com/images/Mattel/Elite/Series 16/Diesel.jpg
Elite106,Mattel,Elite,Elites,Series 16,Heath Slater,2012,Mattel > Elite > Elites,Mattel,Elite,Elites,Series 16,Heath Slater,2012,http://wrestlingfigurehq.com/images/Mattel/Elite/Series 16/Heath Slater.jpg
Elite107,Mattel,Elite,Elites,Series 16,Ezekiel Jackson,2012,Mattel > Elite > Elites,Mattel,Elite,Elites,Series 16,Ezekiel Jackson,2012,http://wrestlingfigurehq.com/images/Mattel/Elite/Series 16/Ezekiel Jackson.jpg
Elite108,Mattel,Elite,Elites,Series 16,The Rock,2012,Mattel > Elite > Elites,Mattel,Elite,Elites,Series 16,The Rock,2012,http://wrestlingfigurehq.com/images/Mattel/Elite/Series 16/The Rock.jpg
Elite109,Mattel,Elite,Elites,Series 16,Randy Orton,2012,Mattel > Elite > Elites,Mattel,Elite,Elites,Series 16,Randy Orton,2012,http://wrestlingfigurehq.com/images/Mattel/Elite/Series 16/Randy Orton.jpg
Elite110,Mattel,Elite,Elites,Series 17,John Cena,2012,Mattel > Elite > Elites,Mattel,Elite,Elites,Series 17,John Cena,2012,http://wrestlingfigurehq.com/images/Mattel/Elite/Series 17/John Cena.jpg
Elite111,Mattel,Elite,Elites,Series 17,Zack Ryder,2012,Mattel > Elite > Elites,Mattel,Elite,Elites,Series 17,Zack Ryder,2012,http://wrestlingfigurehq.com/images/Mattel/Elite/Series 17/Zack Ryder.jpg
Elite112,Mattel,Elite,Elites,Series 17,Mankind,2012,Mattel > Elite > Elites,Mattel,Elite,Elites,Series 17,Mankind,2012,http://wrestlingfigurehq.com/images/Mattel/Elite/Series 17/Mankind.jpg
Elite113,Mattel,Elite,Elites,Series 17,Kofi Kingston,2012,Mattel > Elite > Elites,Mattel,Elite,Elites,Series 17,Kofi Kingston,2012,http://wrestlingfigurehq.com/images/Mattel/Elite/Series 17/Kofi Kingston.jpg
Elite114,Mattel,Elite,Elites,Series 17,Kelly Kelly,2012,Mattel > Elite > Elites,Mattel,Elite,Elites,Series 17,Kelly Kelly,2012,http://wrestlingfigurehq.com/images/Mattel/Elite/Series 17/Kelly Kelly.jpg
Elite115,Mattel,Elite,Elites,Series 17,Sheamus,2012,Mattel > Elite > Elites,Mattel,Elite,Elites,Series 17,Sheamus,2012,http://wrestlingfigurehq.com/images/Mattel/Elite/Series 17/Sheamus.jpg
Elite116,Mattel,Elite,Elites,Series 18,Undertaker,2012,Mattel > Elite > Elites,Mattel,Elite,Elites,Series 18,Undertaker,2012,http://wrestlingfigurehq.com/images/Mattel/Elite/Series 18/Undertaker.jpg
Elite117,Mattel,Elite,Elites,Series 18,Brodus Clay,2012,Mattel > Elite > Elites,Mattel,Elite,Elites,Series 18,Brodus Clay,2012,http://wrestlingfigurehq.com/images/Mattel/Elite/Series 18/Brodus Clay.jpg
Elite118,Mattel,Elite,Elites,Series 18,Jerry Lawler,2012,Mattel > Elite > Elites,Mattel,Elite,Elites,Series 18,Jerry Lawler,2012,http://wrestlingfigurehq.com/images/Mattel/Elite/Series 18/Jerry Lawler.jpg
Elite119,Mattel,Elite,Elites,Series 18,Sin Cara,2012,Mattel > Elite > Elites,Mattel,Elite,Elites,Series 18,Sin Cara,2012,http://wrestlingfigurehq.com/images/Mattel/Elite/Series 18/Sin Cara.jpg
Elite120,Mattel,Elite,Elites,Series 18,Rey Mysterio,2012,Mattel > Elite > Elites,Mattel,Elite,Elites,Series 18,Rey Mysterio,2012,http://wrestlingfigurehq.com/images/Mattel/Elite/Series 18/Rey Mysterio.jpg
Elite121,Mattel,Elite,Elites,Series 18,Wade Barrett,2012,Mattel > Elite > Elites,Mattel,Elite,Elites,Series 18,Wade Barrett,2012,http://wrestlingfigurehq.com/images/Mattel/Elite/Series 18/Wade Barrett.jpg
Elite122,Mattel,Elite,Elites,Series 19,Shawn Michaels,2013,Mattel > Elite > Elites,Mattel,Elite,Elites,Series 19,Shawn Michaels,2013,http://wrestlingfigurehq.com/images/Mattel/Elite/Series 19/Shawn Michaels.jpg
Elite123,Mattel,Elite,Elites,Series 19,Brock Lesnar,2013,Mattel > Elite > Elites,Mattel,Elite,Elites,Series 19,Brock Lesnar,2013,http://wrestlingfigurehq.com/images/Mattel/Elite/Series 19/Brock Lesnar.jpg
Elite124,Mattel,Elite,Elites,Series 19,Miss Elizabeth,2013,Mattel > Elite > Elites,Mattel,Elite,Elites,Series 19,Miss Elizabeth,2013,http://wrestlingfigurehq.com/images/Mattel/Elite/Series 19/Miss Elizabeth.jpg
Elite125,Mattel,Elite,Elites,Series 19,Kane,2013,Mattel > Elite > Elites,Mattel,Elite,Elites,Series 19,Kane,2013,http://wrestlingfigurehq.com/images/Mattel/Elite/Series 19/Kane.jpg
Elite126,Mattel,Elite,Elites,Series 19,Daniel Bryan,2013,Mattel > Elite > Elites,Mattel,Elite,Elites,Series 19,Daniel Bryan,2013,http://wrestlingfigurehq.com/images/Mattel/Elite/Series 19/Daniel Bryan.jpg
Elite127,Mattel,Elite,Elites,Series 19,Dolph Ziggler,2013,Mattel > Elite > Elites,Mattel,Elite,Elites,Series 19,Dolph Ziggler,2013,http://wrestlingfigurehq.com/images/Mattel/Elite/Series 19/Dolph Ziggler.jpg
Elite128,Mattel,Elite,Elites,Series 20,Chris Jericho,2013,Mattel > Elite > Elites,Mattel,Elite,Elites,Series 20,Chris Jericho,2013,http://wrestlingfigurehq.com/images/Mattel/Elite/Series 20/Chris Jericho.jpg
Elite129,Mattel,Elite,Elites,Series 20,Cody Rhodes,2013,Mattel > Elite > Elites,Mattel,Elite,Elites,Series 20,Cody Rhodes,2013,http://wrestlingfigurehq.com/images/Mattel/Elite/Series 20/Cody Rhodes.jpg
Elite130,Mattel,Elite,Elites,Series 20,Christian,2013,Mattel > Elite > Elites,Mattel,Elite,Elites,Series 20,Christian,2013,http://wrestlingfigurehq.com/images/Mattel/Elite/Series 20/Christian.jpg
Elite131,Mattel,Elite,Elites,Series 20,John Cena,2013,Mattel > Elite > Elites,Mattel,Elite,Elites,Series 20,John Cena,2013,http://wrestlingfigurehq.com/images/Mattel/Elite/Series 20/John Cena.jpg
Elite132,Mattel,Elite,Elites,Series 20,CM Punk,2013,Mattel > Elite > Elites,Mattel,Elite,Elites,Series 20,CM Punk,2013,http://wrestlingfigurehq.com/images/Mattel/Elite/Series 20/CM Punk.jpg
Elite133,Mattel,Elite,Elites,Series 20,Santino Marella,2013,Mattel > Elite > Elites,Mattel,Elite,Elites,Series 20,Santino Marella,2013,http://wrestlingfigurehq.com/images/Mattel/Elite/Series 20/Santino Marella.jpg
Elite134,Mattel,Elite,Elites,Series 21,Honky Tonk Man,2013,Mattel > Elite > Elites,Mattel,Elite,Elites,Series 21,Honky Tonk Man,2013,http://wrestlingfigurehq.com/images/Mattel/Elite/Series 21/Honky Tonk Man.jpg
Elite135,Mattel,Elite,Elites,Series 21,Ryback,2013,Mattel > Elite > Elites,Mattel,Elite,Elites,Series 21,Ryback,2013,http://wrestlingfigurehq.com/images/Mattel/Elite/Series 21/Ryback.jpg
Elite136,Mattel,Elite,Elites,Series 21,AJ Lee,2013,Mattel > Elite > Elites,Mattel,Elite,Elites,Series 21,AJ Lee,2013,http://wrestlingfigurehq.com/images/Mattel/Elite/Series 21/AJ Lee.jpg
Elite137,Mattel,Elite,Elites,Series 21,Randy Orton,2013,Mattel > Elite > Elites,Mattel,Elite,Elites,Series 21,Randy Orton,2013,http://wrestlingfigurehq.com/images/Mattel/Elite/Series 21/Randy Orton.jpg
Elite138,Mattel,Elite,Elites,Series 21,Alberto Del Rio,2013,Mattel > Elite > Elites,Mattel,Elite,Elites,Series 21,Alberto Del Rio,2013,http://wrestlingfigurehq.com/images/Mattel/Elite/Series 21/Alberto Del Rio.jpg
Elite139,Mattel,Elite,Elites,Series 21,Rey Mysterio,2013,Mattel > Elite > Elites,Mattel,Elite,Elites,Series 21,Rey Mysterio,2013,http://wrestlingfigurehq.com/images/Mattel/Elite/Series 21/Rey Mysterio.jpg
Elite140,Mattel,Elite,Elites,Series 22,Tensai,2013,Mattel > Elite > Elites,Mattel,Elite,Elites,Series 22,Tensai,2013,http://wrestlingfigurehq.com/images/Mattel/Elite/Series 22/Tensai.jpg
Elite141,Mattel,Elite,Elites,Series 22,Kane,2013,Mattel > Elite > Elites,Mattel,Elite,Elites,Series 22,Kane,2013,http://wrestlingfigurehq.com/images/Mattel/Elite/Series 22/Kane.jpg
Elite142,Mattel,Elite,Elites,Series 22,The Rock,2013,Mattel > Elite > Elites,Mattel,Elite,Elites,Series 22,The Rock,2013,http://wrestlingfigurehq.com/images/Mattel/Elite/Series 22/The Rock.jpg
Elite143,Mattel,Elite,Elites,Series 22,Big Show,2013,Mattel > Elite > Elites,Mattel,Elite,Elites,Series 22,Big Show,2013,http://wrestlingfigurehq.com/images/Mattel/Elite/Series 22/Big Show.jpg
Elite144,Mattel,Elite,Elites,Series 22,Giant,2013,Mattel > Elite > Elites,Mattel,Elite,Elites,Series 22,Giant,2013,http://wrestlingfigurehq.com/images/Mattel/Elite/Series 22/Giant.jpg
Elite145,Mattel,Elite,Elites,Series 22,Damien Sandow,2013,Mattel > Elite > Elites,Mattel,Elite,Elites,Series 22,Damien Sandow,2013,http://wrestlingfigurehq.com/images/Mattel/Elite/Series 22/Damien Sandow.jpg
Elite146,Mattel,Elite,Elites,Series 23,JBL,2013,Mattel > Elite > Elites,Mattel,Elite,Elites,Series 23,JBL,2013,http://wrestlingfigurehq.com/images/Mattel/Elite/Series 23/JBL.jpg
Elite147,Mattel,Elite,Elites,Series 23,Macho Man,2013,Mattel > Elite > Elites,Mattel,Elite,Elites,Series 23,Macho Man,2013,http://wrestlingfigurehq.com/images/Mattel/Elite/Series 23/Macho Man.jpg
Elite148,Mattel,Elite,Elites,Series 23,Triple H,2013,Mattel > Elite > Elites,Mattel,Elite,Elites,Series 23,Triple H,2013,http://wrestlingfigurehq.com/images/Mattel/Elite/Series 23/Triple H.jpg
Elite149,Mattel,Elite,Elites,Series 23,Undertaker,2013,Mattel > Elite > Elites,Mattel,Elite,Elites,Series 23,Undertaker,2013,http://wrestlingfigurehq.com/images/Mattel/Elite/Series 23/Undertaker.jpg
Elite150,Mattel,Elite,Elites,Series 23,Cesaro,2013,Mattel > Elite > Elites,Mattel,Elite,Elites,Series 23,Cesaro,2013,http://wrestlingfigurehq.com/images/Mattel/Elite/Series 23/Cesaro.jpg
Elite151,Mattel,Elite,Elites,Series 23,John Cena,2013,Mattel > Elite > Elites,Mattel,Elite,Elites,Series 23,John Cena,2013,http://wrestlingfigurehq.com/images/Mattel/Elite/Series 23/John Cena.jpg
Elite152,Mattel,Elite,Elites,Series 24,Trish Stratus,2013,Mattel > Elite > Elites,Mattel,Elite,Elites,Series 24,Trish Stratus,2013,http://wrestlingfigurehq.com/images/Mattel/Elite/Series 24/Trish Stratus.jpg
Elite153,Mattel,Elite,Elites,Series 24,Dolph Ziggler,2013,Mattel > Elite > Elites,Mattel,Elite,Elites,Series 24,Dolph Ziggler,2013,http://wrestlingfigurehq.com/images/Mattel/Elite/Series 24/Dolph Ziggler.jpg
Elite154,Mattel,Elite,Elites,Series 24,The Miz,2013,Mattel > Elite > Elites,Mattel,Elite,Elites,Series 24,The Miz,2013,http://wrestlingfigurehq.com/images/Mattel/Elite/Series 24/The Miz.jpg
Elite155,Mattel,Elite,Elites,Series 24,Rey Mysterio,2013,Mattel > Elite > Elites,Mattel,Elite,Elites,Series 24,Rey Mysterio,2013,http://wrestlingfigurehq.com/images/Mattel/Elite/Series 24/Rey Mysterio.jpg
Elite156,Mattel,Elite,Elites,Series 24,Ryback,2013,Mattel > Elite > Elites,Mattel,Elite,Elites,Series 24,Ryback,2013,http://wrestlingfigurehq.com/images/Mattel/Elite/Series 24/Ryback.jpg
Elite157,Mattel,Elite,Elites,Series 24,Wade Barrett,2013,Mattel > Elite > Elites,Mattel,Elite,Elites,Series 24,Wade Barrett,2013,http://wrestlingfigurehq.com/images/Mattel/Elite/Series 24/Wade Barrett.jpg
Elite158,Mattel,Elite,Elites,Series 25,Dean Ambrose,2013,Mattel > Elite > Elites,Mattel,Elite,Elites,Series 25,Dean Ambrose,2013,http://wrestlingfigurehq.com/images/Mattel/Elite/Series 25/Dean Ambrose.jpg
Elite159,Mattel,Elite,Elites,Series 25,Seth Rollins,2013,Mattel > Elite > Elites,Mattel,Elite,Elites,Series 25,Seth Rollins,2013,http://wrestlingfigurehq.com/images/Mattel/Elite/Series 25/Seth Rollins.jpg
Elite160,Mattel,Elite,Elites,Series 25,Sheamus,2013,Mattel > Elite > Elites,Mattel,Elite,Elites,Series 25,Sheamus,2013,http://wrestlingfigurehq.com/images/Mattel/Elite/Series 25/Sheamus.jpg
Elite161,Mattel,Elite,Elites,Series 25,Sin Cara,2013,Mattel > Elite > Elites,Mattel,Elite,Elites,Series 25,Sin Cara,2013,http://wrestlingfigurehq.com/images/Mattel/Elite/Series 25/Sin Cara.jpg
Elite162,Mattel,Elite,Elites,Series 25,Bruno Sammartino,2013,Mattel > Elite > Elites,Mattel,Elite,Elites,Series 25,Bruno Sammartino,2013,http://wrestlingfigurehq.com/images/Mattel/Elite/Series 25/Bruno Sammartino.jpg
Elite163,Mattel,Elite,Elites,Series 25,Brodus Clay,2013,Mattel > Elite > Elites,Mattel,Elite,Elites,Series 25,Brodus Clay,2013,http://wrestlingfigurehq.com/images/Mattel/Elite/Series 25/Brodus Clay.jpg
Elite164,Mattel,Elite,Elites,Series 26,Road Dogg Jesse James,2014,Mattel > Elite > Elites,Mattel,Elite,Elites,Series 26,Road Dogg Jesse James,2014,http://wrestlingfigurehq.com/images/Mattel/Elite/Series 26/Road Dogg Jesse James.jpg
Elite165,Mattel,Elite,Elites,Series 26,Ultimate Warrior,2014,Mattel > Elite > Elites,Mattel,Elite,Elites,Series 26,Ultimate Warrior,2014,http://wrestlingfigurehq.com/images/Mattel/Elite/Series 26/Ultimate Warrior.jpg
Elite166,Mattel,Elite,Elites,Series 26,Roman Reigns,2014,Mattel > Elite > Elites,Mattel,Elite,Elites,Series 26,Roman Reigns,2014,http://wrestlingfigurehq.com/images/Mattel/Elite/Series 26/Roman Reigns.jpg
Elite167,Mattel,Elite,Elites,Series 26,Big E,2014,Mattel > Elite > Elites,Mattel,Elite,Elites,Series 26,Big E,2014,http://wrestlingfigurehq.com/images/Mattel/Elite/Series 26/Big E.jpg
Elite168,Mattel,Elite,Elites,Series 26,Jack Swagger,2014,Mattel > Elite > Elites,Mattel,Elite,Elites,Series 26,Jack Swagger,2014,http://wrestlingfigurehq.com/images/Mattel/Elite/Series 26/Jack Swagger.jpg
Elite169,Mattel,Elite,Elites,Series 26,Mark Henry,2014,Mattel > Elite > Elites,Mattel,Elite,Elites,Series 26,Mark Henry,2014,http://wrestlingfigurehq.com/images/Mattel/Elite/Series 26/Mark Henry.jpg
Elite170,Mattel,Elite,Elites,Series 27,Billy Gunn,2014,Mattel > Elite > Elites,Mattel,Elite,Elites,Series 27,Billy Gunn,2014,http://wrestlingfigurehq.com/images/Mattel/Elite/Series 27/Billy Gunn.jpg
Elite171,Mattel,Elite,Elites,Series 27,Rikishi,2014,Mattel > Elite > Elites,Mattel,Elite,Elites,Series 27,Rikishi,2014,http://wrestlingfigurehq.com/images/Mattel/Elite/Series 27/Rikishi.jpg
Elite172,Mattel,Elite,Elites,Series 27,Fandango,2014,Mattel > Elite > Elites,Mattel,Elite,Elites,Series 27,Fandango,2014,http://wrestlingfigurehq.com/images/Mattel/Elite/Series 27/Fandango.jpg
Elite173,Mattel,Elite,Elites,Series 27,Rob Van Dam (RVD),2014,Mattel > Elite > Elites,Mattel,Elite,Elites,Series 27,Rob Van Dam (RVD),2014,http://wrestlingfigurehq.com/images/Mattel/Elite/Series 27/Rob Van Dam (RVD).jpg
Elite174,Mattel,Elite,Elites,Series 27,Kofi Kingston,2014,Mattel > Elite > Elites,Mattel,Elite,Elites,Series 27,Kofi Kingston,2014,http://wrestlingfigurehq.com/images/Mattel/Elite/Series 27/Kofi Kingston.jpg
Elite175,Mattel,Elite,Elites,Series 27,Undertaker,2014,Mattel > Elite > Elites,Mattel,Elite,Elites,Series 27,Undertaker,2014,http://wrestlingfigurehq.com/images/Mattel/Elite/Series 27/Undertaker.jpg
Elite176,Mattel,Elite,Elites,Series 28,Bray Wyatt,2014,Mattel > Elite > Elites,Mattel,Elite,Elites,Series 28,Bray Wyatt,2014,http://wrestlingfigurehq.com/images/Mattel/Elite/Series 28/Bray Wyatt.jpg
Elite177,Mattel,Elite,Elites,Series 28,John Cena,2014,Mattel > Elite > Elites,Mattel,Elite,Elites,Series 28,John Cena,2014,http://wrestlingfigurehq.com/images/Mattel/Elite/Series 28/John Cena.jpg
Elite178,Mattel,Elite,Elites,Series 28,Daniel Bryan,2014,Mattel > Elite > Elites,Mattel,Elite,Elites,Series 28,Daniel Bryan,2014,http://wrestlingfigurehq.com/images/Mattel/Elite/Series 28/Daniel Bryan.jpg
Elite179,Mattel,Elite,Elites,Series 28,Big Show,2014,Mattel > Elite > Elites,Mattel,Elite,Elites,Series 28,Big Show,2014,http://wrestlingfigurehq.com/images/Mattel/Elite/Series 28/Big Show.jpg
Elite180,Mattel,Elite,Elites,Series 28,Triple H,2014,Mattel > Elite > Elites,Mattel,Elite,Elites,Series 28,Triple H,2014,http://wrestlingfigurehq.com/images/Mattel/Elite/Series 28/Triple H.jpg
Elite181,Mattel,Elite,Elites,Series 28,Demolition Crush,2014,Mattel > Elite > Elites,Mattel,Elite,Elites,Series 28,Demolition Crush,2014,http://wrestlingfigurehq.com/images/Mattel/Elite/Series 28/Demolition Crush.jpg
Elite182,Mattel,Elite,Elites,Series 29,Goldust,2014,Mattel > Elite > Elites,Mattel,Elite,Elites,Series 29,Goldust,2014,http://wrestlingfigurehq.com/images/Mattel/Elite/Series 29/Goldust.jpg
Elite183,Mattel,Elite,Elites,Series 29,Andre the Giant,2014,Mattel > Elite > Elites,Mattel,Elite,Elites,Series 29,Andre the Giant,2014,http://wrestlingfigurehq.com/images/Mattel/Elite/Series 29/Andre the Giant.jpg
Elite184,Mattel,Elite,Elites,Series 29,CM Punk,2014,Mattel > Elite > Elites,Mattel,Elite,Elites,Series 29,CM Punk,2014,http://wrestlingfigurehq.com/images/Mattel/Elite/Series 29/CM Punk.jpg
Elite185,Mattel,Elite,Elites,Series 29,Luke Harper,2014,Mattel > Elite > Elites,Mattel,Elite,Elites,Series 29,Luke Harper,2014,http://wrestlingfigurehq.com/images/Mattel/Elite/Series 29/Luke Harper.jpg
Elite186,Mattel,Elite,Elites,Series 29,Erick Rowan,2014,Mattel > Elite > Elites,Mattel,Elite,Elites,Series 29,Erick Rowan,2014,http://wrestlingfigurehq.com/images/Mattel/Elite/Series 29/Erick Rowan.jpg
Elite187,Mattel,Elite,Elites,Series 29,Damien Sandow,2014,Mattel > Elite > Elites,Mattel,Elite,Elites,Series 29,Damien Sandow,2014,http://wrestlingfigurehq.com/images/Mattel/Elite/Series 29/Damien Sandow.jpg
Elite188,Mattel,Elite,Elites,Series 30,Legion of Doom (LOD) Hawk,2014,Mattel > Elite > Elites,Mattel,Elite,Elites,Series 30,Legion of Doom (LOD) Hawk,2014,http://wrestlingfigurehq.com/images/Mattel/Elite/Series 30/Legion of Doom (LOD) Hawk.jpg
Elite189,Mattel,Elite,Elites,Series 30,Legion of Doom (LOD) Animal,2014,Mattel > Elite > Elites,Mattel,Elite,Elites,Series 30,Legion of Doom (LOD) Animal,2014,http://wrestlingfigurehq.com/images/Mattel/Elite/Series 30/Legion of Doom (LOD) Animal.jpg
Elite190,Mattel,Elite,Elites,Series 30,Batista,2014,Mattel > Elite > Elites,Mattel,Elite,Elites,Series 30,Batista,2014,http://wrestlingfigurehq.com/images/Mattel/Elite/Series 30/Batista.jpg
Elite191,Mattel,Elite,Elites,Series 30,Brock Lesnar,2014,Mattel > Elite > Elites,Mattel,Elite,Elites,Series 30,Brock Lesnar,2014,http://wrestlingfigurehq.com/images/Mattel/Elite/Series 30/Brock Lesnar.jpg
Elite192,Mattel,Elite,Elites,Series 30,Lex Luger,2014,Mattel > Elite > Elites,Mattel,Elite,Elites,Series 30,Lex Luger,2014,http://wrestlingfigurehq.com/images/Mattel/Elite/Series 30/Lex Luger.jpg
Elite193,Mattel,Elite,Elites,Series 30,Ryback,2014,Mattel > Elite > Elites,Mattel,Elite,Elites,Series 30,Ryback,2014,http://wrestlingfigurehq.com/images/Mattel/Elite/Series 30/Ryback.jpg
Elite194,Mattel,Elite,Elites,Series 31,Jimmy Uso,2014,Mattel > Elite > Elites,Mattel,Elite,Elites,Series 31,Jimmy Uso,2014,http://wrestlingfigurehq.com/images/Mattel/Elite/Series 31/Jimmy Uso.jpg
Elite195,Mattel,Elite,Elites,Series 31,Jey Uso,2014,Mattel > Elite > Elites,Mattel,Elite,Elites,Series 31,Jey Uso,2014,http://wrestlingfigurehq.com/images/Mattel/Elite/Series 31/Jey Uso.jpg
Elite196,Mattel,Elite,Elites,Series 31,Dean Ambrose,2014,Mattel > Elite > Elites,Mattel,Elite,Elites,Series 31,Dean Ambrose,2014,http://wrestlingfigurehq.com/images/Mattel/Elite/Series 31/Dean Ambrose.jpg
Elite197,Mattel,Elite,Elites,Series 31,Kane,2014,Mattel > Elite > Elites,Mattel,Elite,Elites,Series 31,Kane,2014,http://wrestlingfigurehq.com/images/Mattel/Elite/Series 31/Kane.jpg
Elite198,Mattel,Elite,Elites,Series 31,The Rock,2014,Mattel > Elite > Elites,Mattel,Elite,Elites,Series 31,The Rock,2014,http://wrestlingfigurehq.com/images/Mattel/Elite/Series 31/The Rock.jpg
Elite199,Mattel,Elite,Elites,Series 31,Vader,2014,Mattel > Elite > Elites,Mattel,Elite,Elites,Series 31,Vader,2014,http://wrestlingfigurehq.com/images/Mattel/Elite/Series 31/Vader.jpg
Elite200,Mattel,Elite,Elites,Series 32,Daniel Bryan ,2014,Mattel > Elite > Elites,Mattel,Elite,Elites,Series 32,Daniel Bryan ,2014,http://wrestlingfigurehq.com/images/Mattel/Elite/Series 32/Daniel Bryan .jpg
Elite201,Mattel,Elite,Elites,Series 32,Cody Rhodes,2014,Mattel > Elite > Elites,Mattel,Elite,Elites,Series 32,Cody Rhodes,2014,http://wrestlingfigurehq.com/images/Mattel/Elite/Series 32/Cody Rhodes.jpg
Elite202,Mattel,Elite,Elites,Series 32,Big E Langston,2014,Mattel > Elite > Elites,Mattel,Elite,Elites,Series 32,Big E Langston,2014,http://wrestlingfigurehq.com/images/Mattel/Elite/Series 32/Big E Langston.jpg
Elite203,Mattel,Elite,Elites,Series 32,Sin Cara,2014,Mattel > Elite > Elites,Mattel,Elite,Elites,Series 32,Sin Cara,2014,http://wrestlingfigurehq.com/images/Mattel/Elite/Series 32/Sin Cara.jpg
Elite204,Mattel,Elite,Elites,Series 32,Mark Henry,2014,Mattel > Elite > Elites,Mattel,Elite,Elites,Series 32,Mark Henry,2014,http://wrestlingfigurehq.com/images/Mattel/Elite/Series 32/Mark Henry.jpg
Elite205,Mattel,Elite,Elites,Series 32,Rey Mysterio,2014,Mattel > Elite > Elites,Mattel,Elite,Elites,Series 32,Rey Mysterio,2014,http://wrestlingfigurehq.com/images/Mattel/Elite/Series 32/Rey Mysterio.jpg
Elite206,Mattel,Elite,Elites,Series 33,Roman Reigns,2015,Mattel > Elite > Elites,Mattel,Elite,Elites,Series 33,Roman Reigns,2015,http://wrestlingfigurehq.com/images/Mattel/Elite/Series 33/Roman Reigns.jpg
Elite207,Mattel,Elite,Elites,Series 33,Seth Rollins,2015,Mattel > Elite > Elites,Mattel,Elite,Elites,Series 33,Seth Rollins,2015,http://wrestlingfigurehq.com/images/Mattel/Elite/Series 33/Seth Rollins.jpg
Elite208,Mattel,Elite,Elites,Series 33,Cesaro,2015,Mattel > Elite > Elites,Mattel,Elite,Elites,Series 33,Cesaro,2015,http://wrestlingfigurehq.com/images/Mattel/Elite/Series 33/Cesaro.jpg
Elite209,Mattel,Elite,Elites,Series 33,Batista,2015,Mattel > Elite > Elites,Mattel,Elite,Elites,Series 33,Batista,2015,http://wrestlingfigurehq.com/images/Mattel/Elite/Series 33/Batista.jpg
Elite210,Mattel,Elite,Elites,Series 33,Junkyard Dog,2015,Mattel > Elite > Elites,Mattel,Elite,Elites,Series 33,Junkyard Dog,2015,http://wrestlingfigurehq.com/images/Mattel/Elite/Series 33/Junkyard Dog.jpg
Elite211,Mattel,Elite,Elites,Series 33,X-Pac,2015,Mattel > Elite > Elites,Mattel,Elite,Elites,Series 33,X-Pac,2015,http://wrestlingfigurehq.com/images/Mattel/Elite/Series 33/X-Pac.jpg
Elite212,Mattel,Elite,Elites,Series 34,Rusev,2015,Mattel > Elite > Elites,Mattel,Elite,Elites,Series 34,Rusev,2015,http://wrestlingfigurehq.com/images/Mattel/Elite/Series 34/Rusev.jpg
Elite213,Mattel,Elite,Elites,Series 34,Paige,2015,Mattel > Elite > Elites,Mattel,Elite,Elites,Series 34,Paige,2015,http://wrestlingfigurehq.com/images/Mattel/Elite/Series 34/Paige.jpg
Elite214,Mattel,Elite,Elites,Series 34,Hulk Hogan,2015,Mattel > Elite > Elites,Mattel,Elite,Elites,Series 34,Hulk Hogan,2015,http://wrestlingfigurehq.com/images/Mattel/Elite/Series 34/Hulk Hogan.jpg
Elite215,Mattel,Elite,Elites,Series 34,Bad News Wade Barrett,2015,Mattel > Elite > Elites,Mattel,Elite,Elites,Series 34,Bad News Wade Barrett,2015,http://wrestlingfigurehq.com/images/Mattel/Elite/Series 34/Bad News Wade Barrett.jpg
Elite216,Mattel,Elite,Elites,Series 34,John Cena,2015,Mattel > Elite > Elites,Mattel,Elite,Elites,Series 34,John Cena,2015,http://wrestlingfigurehq.com/images/Mattel/Elite/Series 34/John Cena.jpg
Elite217,Mattel,Elite,Elites,Series 34,Doink the Clown,2015,Mattel > Elite > Elites,Mattel,Elite,Elites,Series 34,Doink the Clown,2015,http://wrestlingfigurehq.com/images/Mattel/Elite/Series 34/Doink the Clown.jpg
Elite218,Mattel,Elite,Elites,Series 35,Randy Orton,2015,Mattel > Elite > Elites,Mattel,Elite,Elites,Series 35,Randy Orton,2015,http://wrestlingfigurehq.com/images/Mattel/Elite/Series 35/Randy Orton.jpg
Elite219,Mattel,Elite,Elites,Series 35,Triple H,2015,Mattel > Elite > Elites,Mattel,Elite,Elites,Series 35,Triple H,2015,http://wrestlingfigurehq.com/images/Mattel/Elite/Series 35/Triple H.jpg
Elite220,Mattel,Elite,Elites,Series 35,Fernando,2015,Mattel > Elite > Elites,Mattel,Elite,Elites,Series 35,Fernando,2015,http://wrestlingfigurehq.com/images/Mattel/Elite/Series 35/Fernando.jpg
Elite221,Mattel,Elite,Elites,Series 35,Diego,2015,Mattel > Elite > Elites,Mattel,Elite,Elites,Series 35,Diego,2015,http://wrestlingfigurehq.com/images/Mattel/Elite/Series 35/Diego.jpg
Elite222,Mattel,Elite,Elites,Series 35,Luke Harper,2015,Mattel > Elite > Elites,Mattel,Elite,Elites,Series 35,Luke Harper,2015,http://wrestlingfigurehq.com/images/Mattel/Elite/Series 35/Luke Harper.jpg
Elite223,Mattel,Elite,Elites,Series 35,Earthquake,2015,Mattel > Elite > Elites,Mattel,Elite,Elites,Series 35,Earthquake,2015,http://wrestlingfigurehq.com/images/Mattel/Elite/Series 35/Earthquake.jpg
Elite224,Mattel,Elite,Elites,Series 36,Diamond Dallas Page,2015,Mattel > Elite > Elites,Mattel,Elite,Elites,Series 36,Diamond Dallas Page,2015,http://wrestlingfigurehq.com/images/Mattel/Elite/Series 36/Diamond Dallas Page.jpg
Elite225,Mattel,Elite,Elites,Series 36,Bo Dallas,2015,Mattel > Elite > Elites,Mattel,Elite,Elites,Series 36,Bo Dallas,2015,http://wrestlingfigurehq.com/images/Mattel/Elite/Series 36/Bo Dallas.jpg
Elite226,Mattel,Elite,Elites,Series 36,Bray Wyatt,2015,Mattel > Elite > Elites,Mattel,Elite,Elites,Series 36,Bray Wyatt,2015,http://wrestlingfigurehq.com/images/Mattel/Elite/Series 36/Bray Wyatt.jpg
Elite227,Mattel,Elite,Elites,Series 36,Dean Ambrose,2015,Mattel > Elite > Elites,Mattel,Elite,Elites,Series 36,Dean Ambrose,2015,http://wrestlingfigurehq.com/images/Mattel/Elite/Series 36/Dean Ambrose.jpg
Elite228,Mattel,Elite,Elites,Series 36,Goldust,2015,Mattel > Elite > Elites,Mattel,Elite,Elites,Series 36,Goldust,2015,http://wrestlingfigurehq.com/images/Mattel/Elite/Series 36/Goldust.jpg
Elite229,Mattel,Elite,Elites,Series 36,Stardust,2015,Mattel > Elite > Elites,Mattel,Elite,Elites,Series 36,Stardust,2015,http://wrestlingfigurehq.com/images/Mattel/Elite/Series 36/Stardust.jpg
Elite230,Mattel,Elite,Elites,Series 37,Dean Malenko,2015,Mattel > Elite > Elites,Mattel,Elite,Elites,Series 37,Dean Malenko,2015,http://wrestlingfigurehq.com/images/Mattel/Elite/Series 37/Dean Malenko.jpg
Elite231,Mattel,Elite,Elites,Series 37,Brock Lesnar,2015,Mattel > Elite > Elites,Mattel,Elite,Elites,Series 37,Brock Lesnar,2015,http://wrestlingfigurehq.com/images/Mattel/Elite/Series 37/Brock Lesnar.jpg
Elite232,Mattel,Elite,Elites,Series 37,John Cena,2015,Mattel > Elite > Elites,Mattel,Elite,Elites,Series 37,John Cena,2015,http://wrestlingfigurehq.com/images/Mattel/Elite/Series 37/John Cena.jpg
Elite233,Mattel,Elite,Elites,Series 37,The Miz,2015,Mattel > Elite > Elites,Mattel,Elite,Elites,Series 37,The Miz,2015,http://wrestlingfigurehq.com/images/Mattel/Elite/Series 37/The Miz.jpg
Elite234,Mattel,Elite,Elites,Series 37,Seth Rollins,2015,Mattel > Elite > Elites,Mattel,Elite,Elites,Series 37,Seth Rollins,2015,http://wrestlingfigurehq.com/images/Mattel/Elite/Series 37/Seth Rollins.jpg
Elite235,Mattel,Elite,Elites,Series 37,Stephanie McMahon,2015,Mattel > Elite > Elites,Mattel,Elite,Elites,Series 37,Stephanie McMahon,2015,http://wrestlingfigurehq.com/images/Mattel/Elite/Series 37/Stephanie McMahon.jpg
Elite236,Mattel,Elite,Elites,Series 38,Daniel Bryan,2015,Mattel > Elite > Elites,Mattel,Elite,Elites,Series 38,Daniel Bryan,2015,http://wrestlingfigurehq.com/images/Mattel/Elite/Series 38/Daniel Bryan.jpg
Elite237,Mattel,Elite,Elites,Series 38,Roman Reigns,2015,Mattel > Elite > Elites,Mattel,Elite,Elites,Series 38,Roman Reigns,2015,http://wrestlingfigurehq.com/images/Mattel/Elite/Series 38/Roman Reigns.jpg
Elite238,Mattel,Elite,Elites,Series 38,Adam Rose,2015,Mattel > Elite > Elites,Mattel,Elite,Elites,Series 38,Adam Rose,2015,http://wrestlingfigurehq.com/images/Mattel/Elite/Series 38/Adam Rose.jpg
Elite239,Mattel,Elite,Elites,Series 38,Macho Man Randy Savage,2015,Mattel > Elite > Elites,Mattel,Elite,Elites,Series 38,Macho Man Randy Savage,2015,http://wrestlingfigurehq.com/images/Mattel/Elite/Series 38/Macho Man Randy Savage.jpg
Elite240,Mattel,Elite,Elites,Series 38,Farooq,2015,Mattel > Elite > Elites,Mattel,Elite,Elites,Series 38,Farooq,2015,http://wrestlingfigurehq.com/images/Mattel/Elite/Series 38/Farooq.jpg
Elite241,Mattel,Elite,Elites,Series 38,Bradshaw,2015,Mattel > Elite > Elites,Mattel,Elite,Elites,Series 38,Bradshaw,2015,http://wrestlingfigurehq.com/images/Mattel/Elite/Series 38/Bradshaw.jpg
Elite242,Mattel,Elite,Elites,Series 39,Sting,2015,Mattel > Elite > Elites,Mattel,Elite,Elites,Series 39,Sting,2015,http://wrestlingfigurehq.com/images/Mattel/Elite/Series 39/Sting.jpg
Elite243,Mattel,Elite,Elites,Series 39,Sycho Sid,2015,Mattel > Elite > Elites,Mattel,Elite,Elites,Series 39,Sycho Sid,2015,http://wrestlingfigurehq.com/images/Mattel/Elite/Series 39/Sycho Sid.jpg
Elite244,Mattel,Elite,Elites,Series 39,Godfather,2015,Mattel > Elite > Elites,Mattel,Elite,Elites,Series 39,Godfather,2015,http://wrestlingfigurehq.com/images/Mattel/Elite/Series 39/Godfather.jpg
Elite245,Mattel,Elite,Elites,Series 39,British Bulldog,2015,Mattel > Elite > Elites,Mattel,Elite,Elites,Series 39,British Bulldog,2015,http://wrestlingfigurehq.com/images/Mattel/Elite/Series 39/British Bulldog.jpg
Elite246,Mattel,Elite,Elites,Series 39,Dolph Ziggler,2015,Mattel > Elite > Elites,Mattel,Elite,Elites,Series 39,Dolph Ziggler,2015,http://wrestlingfigurehq.com/images/Mattel/Elite/Series 39/Dolph Ziggler.jpg
Elite247,Mattel,Elite,Elites,Series 39,Damien Mizdow,2015,Mattel > Elite > Elites,Mattel,Elite,Elites,Series 39,Damien Mizdow,2015,http://wrestlingfigurehq.com/images/Mattel/Elite/Series 39/Damien Mizdow.jpg
Elite248,Mattel,Elite,Elites,Series 40,John Cena,2015,Mattel > Elite > Elites,Mattel,Elite,Elites,Series 40,John Cena,2015,http://wrestlingfigurehq.com/images/Mattel/Elite/Series 40/John Cena.jpg
Elite249,Mattel,Elite,Elites,Series 40,Sami Zayn,2015,Mattel > Elite > Elites,Mattel,Elite,Elites,Series 40,Sami Zayn,2015,http://wrestlingfigurehq.com/images/Mattel/Elite/Series 40/Sami Zayn.jpg
Elite250,Mattel,Elite,Elites,Series 40,Tyson Kidd,2015,Mattel > Elite > Elites,Mattel,Elite,Elites,Series 40,Tyson Kidd,2015,http://wrestlingfigurehq.com/images/Mattel/Elite/Series 40/Tyson Kidd.jpg
Elite251,Mattel,Elite,Elites,Series 40,Umaga,2015,Mattel > Elite > Elites,Mattel,Elite,Elites,Series 40,Umaga,2015,http://wrestlingfigurehq.com/images/Mattel/Elite/Series 40/Umaga.jpg
Elite252,Mattel,Elite,Elites,Series 40,Rick Rude,2015,Mattel > Elite > Elites,Mattel,Elite,Elites,Series 40,Rick Rude,2015,http://wrestlingfigurehq.com/images/Mattel/Elite/Series 40/Rick Rude.jpg
Elite253,Mattel,Elite,Elites,Series 40,IRS,2015,Mattel > Elite > Elites,Mattel,Elite,Elites,Series 40,IRS,2015,http://wrestlingfigurehq.com/images/Mattel/Elite/Series 40/IRS.jpg
Elite254,Mattel,Elite,Elites,Series 41,Ryback,2016,Mattel > Elite > Elites,Mattel,Elite,Elites,Series 41,Ryback,2016,http://wrestlingfigurehq.com/images/Mattel/Elite/Series 41/Ryback.jpg
Elite255,Mattel,Elite,Elites,Series 41,Dean Ambrose,2016,Mattel > Elite > Elites,Mattel,Elite,Elites,Series 41,Dean Ambrose,2016,http://wrestlingfigurehq.com/images/Mattel/Elite/Series 41/Dean Ambrose.jpg
Elite256,Mattel,Elite,Elites,Series 41,Terry Funk,2016,Mattel > Elite > Elites,Mattel,Elite,Elites,Series 41,Terry Funk,2016,http://wrestlingfigurehq.com/images/Mattel/Elite/Series 41/Terry Funk.jpg
Elite257,Mattel,Elite,Elites,Series 41,1-2-3 Kid,2016,Mattel > Elite > Elites,Mattel,Elite,Elites,Series 41,1-2-3 Kid,2016,http://wrestlingfigurehq.com/images/Mattel/Elite/Series 41/1-2-3 Kid.jpg
Elite258,Mattel,Elite,Elites,Series 41,Lita,2016,Mattel > Elite > Elites,Mattel,Elite,Elites,Series 41,Lita,2016,http://wrestlingfigurehq.com/images/Mattel/Elite/Series 41/Lita.jpg
Elite259,Mattel,Elite,Elites,Series 41,Finn Balor,2016,Mattel > Elite > Elites,Mattel,Elite,Elites,Series 41,Finn Balor,2016,http://wrestlingfigurehq.com/images/Mattel/Elite/Series 41/Finn Balor.jpg
Elite260,Mattel,Elite,Elites,Series 42,Nasty Boy Jerry Sags,2016,Mattel > Elite > Elites,Mattel,Elite,Elites,Series 42,Nasty Boy Jerry Sags,2016,http://wrestlingfigurehq.com/images/Mattel/Elite/Series 42/Nasty Boy Jerry Sags.jpg
Elite261,Mattel,Elite,Elites,Series 42,Nasty Boy Brian Knobbs,2016,Mattel > Elite > Elites,Mattel,Elite,Elites,Series 42,Nasty Boy Brian Knobbs,2016,http://wrestlingfigurehq.com/images/Mattel/Elite/Series 42/Nasty Boy Brian Knobbs.jpg
Elite262,Mattel,Elite,Elites,Series 42,Kalisto,2016,Mattel > Elite > Elites,Mattel,Elite,Elites,Series 42,Kalisto,2016,http://wrestlingfigurehq.com/images/Mattel/Elite/Series 42/Kalisto.jpg
Elite263,Mattel,Elite,Elites,Series 42,Xavier Woods,2016,Mattel > Elite > Elites,Mattel,Elite,Elites,Series 42,Xavier Woods,2016,http://wrestlingfigurehq.com/images/Mattel/Elite/Series 42/Xavier Woods.jpg
Elite264,Mattel,Elite,Elites,Series 42,Triple H,2016,Mattel > Elite > Elites,Mattel,Elite,Elites,Series 42,Triple H,2016,http://wrestlingfigurehq.com/images/Mattel/Elite/Series 42/Triple H.jpg
Elite265,Mattel,Elite,Elites,Series 42,Neville,2016,Mattel > Elite > Elites,Mattel,Elite,Elites,Series 42,Neville,2016,http://wrestlingfigurehq.com/images/Mattel/Elite/Series 42/Neville.jpg
Elite266,Mattel,Elite,Elites,Series 43,Alberto Del Rio,2016,Mattel > Elite > Elites,Mattel,Elite,Elites,Series 43,Alberto Del Rio,2016,http://wrestlingfigurehq.com/images/Mattel/Elite/Series 43/Alberto Del Rio.jpg
Elite267,Mattel,Elite,Elites,Series 43,Kevin Owens,2016,Mattel > Elite > Elites,Mattel,Elite,Elites,Series 43,Kevin Owens,2016,http://wrestlingfigurehq.com/images/Mattel/Elite/Series 43/Kevin Owens.jpg
Elite268,Mattel,Elite,Elites,Series 43,Kofi Kingston,2016,Mattel > Elite > Elites,Mattel,Elite,Elites,Series 43,Kofi Kingston,2016,http://wrestlingfigurehq.com/images/Mattel/Elite/Series 43/Kofi Kingston.jpg
Elite269,Mattel,Elite,Elites,Series 43,Bret the Hitman Hart,2016,Mattel > Elite > Elites,Mattel,Elite,Elites,Series 43,Bret the Hitman Hart,2016,http://wrestlingfigurehq.com/images/Mattel/Elite/Series 43/Bret the Hitman Hart.jpg
Elite270,Mattel,Elite,Elites,Series 43,Jim the Anvil Neidhart,2016,Mattel > Elite > Elites,Mattel,Elite,Elites,Series 43,Jim the Anvil Neidhart,2016,http://wrestlingfigurehq.com/images/Mattel/Elite/Series 43/Jim the Anvil Neidhart.jpg
Elite271,Mattel,Elite,Elites,Series 43,Samoa Joe,2016,Mattel > Elite > Elites,Mattel,Elite,Elites,Series 43,Samoa Joe,2016,http://wrestlingfigurehq.com/images/Mattel/Elite/Series 43/Samoa Joe.jpg
Elite272,Mattel,Elite,Elites,Series 44,Macho Man Randy Savage,2016,Mattel > Elite > Elites,Mattel,Elite,Elites,Series 44,Macho Man Randy Savage,2016,http://wrestlingfigurehq.com/images/Mattel/Elite/Series 44/Macho Man Randy Savage.jpg
Elite273,Mattel,Elite,Elites,Series 44,Big E,2016,Mattel > Elite > Elites,Mattel,Elite,Elites,Series 44,Big E,2016,http://wrestlingfigurehq.com/images/Mattel/Elite/Series 44/Big E.jpg
Elite274,Mattel,Elite,Elites,Series 44,Sasha Banks,2016,Mattel > Elite > Elites,Mattel,Elite,Elites,Series 44,Sasha Banks,2016,http://wrestlingfigurehq.com/images/Mattel/Elite/Series 44/Sasha Banks.jpg
Elite275,Mattel,Elite,Elites,Series 44,Braun Strowman,2016,Mattel > Elite > Elites,Mattel,Elite,Elites,Series 44,Braun Strowman,2016,http://wrestlingfigurehq.com/images/Mattel/Elite/Series 44/Braun Strowman.jpg
Elite276,Mattel,Elite,Elites,Series 44,Sin Cara,2016,Mattel > Elite > Elites,Mattel,Elite,Elites,Series 44,Sin Cara,2016,http://wrestlingfigurehq.com/images/Mattel/Elite/Series 44/Sin Cara.jpg
Elite277,Mattel,Elite,Elites,Series 44,Tugboat,2016,Mattel > Elite > Elites,Mattel,Elite,Elites,Series 44,Tugboat,2016,http://wrestlingfigurehq.com/images/Mattel/Elite/Series 44/Tugboat.jpg
Elite278,Mattel,Elite,Elites,Series 45,D-Von Dudley,2016,Mattel > Elite > Elites,Mattel,Elite,Elites,Series 45,D-Von Dudley,2016,http://wrestlingfigurehq.com/images/Mattel/Elite/Series 45/D-Von Dudley.jpg
Elite279,Mattel,Elite,Elites,Series 45,Bubba Ray Dudley,2016,Mattel > Elite > Elites,Mattel,Elite,Elites,Series 45,Bubba Ray Dudley,2016,http://wrestlingfigurehq.com/images/Mattel/Elite/Series 45/Bubba Ray Dudley.jpg
Elite280,Mattel,Elite,Elites,Series 45,Roman Reigns,2016,Mattel > Elite > Elites,Mattel,Elite,Elites,Series 45,Roman Reigns,2016,http://wrestlingfigurehq.com/images/Mattel/Elite/Series 45/Roman Reigns.jpg
Elite281,Mattel,Elite,Elites,Series 45,Seth Rollins,2016,Mattel > Elite > Elites,Mattel,Elite,Elites,Series 45,Seth Rollins,2016,http://wrestlingfigurehq.com/images/Mattel/Elite/Series 45/Seth Rollins.jpg
Elite282,Mattel,Elite,Elites,Series 45,Lord Steven Regal,2016,Mattel > Elite > Elites,Mattel,Elite,Elites,Series 45,Lord Steven Regal,2016,http://wrestlingfigurehq.com/images/Mattel/Elite/Series 45/Lord Steven Regal.jpg
Elite283,Mattel,Elite,Elites,Series 45,Narcissist Lex Luger,2016,Mattel > Elite > Elites,Mattel,Elite,Elites,Series 45,Narcissist Lex Luger,2016,http://wrestlingfigurehq.com/images/Mattel/Elite/Series 45/Narcissist Lex Luger.jpg
Elite284,Mattel,Elite,Elites,Series 46,John Cena,2016,Mattel > Elite > Elites,Mattel,Elite,Elites,Series 46,John Cena,2016,http://wrestlingfigurehq.com/images/Mattel/Elite/Series 46/John Cena.jpg
Elite285,Mattel,Elite,Elites,Series 46,Rusev,2016,Mattel > Elite > Elites,Mattel,Elite,Elites,Series 46,Rusev,2016,http://wrestlingfigurehq.com/images/Mattel/Elite/Series 46/Rusev.jpg
Elite286,Mattel,Elite,Elites,Series 46,Finn Balor,2016,Mattel > Elite > Elites,Mattel,Elite,Elites,Series 46,Finn Balor,2016,http://wrestlingfigurehq.com/images/Mattel/Elite/Series 46/Finn Balor.jpg
Elite287,Mattel,Elite,Elites,Series 46,Booker T,2016,Mattel > Elite > Elites,Mattel,Elite,Elites,Series 46,Booker T,2016,http://wrestlingfigurehq.com/images/Mattel/Elite/Series 46/Booker T.jpg
Elite288,Mattel,Elite,Elites,Series 46,Stevie Ray,2016,Mattel > Elite > Elites,Mattel,Elite,Elites,Series 46,Stevie Ray,2016,http://wrestlingfigurehq.com/images/Mattel/Elite/Series 46/Stevie Ray.jpg
Elite289,Mattel,Elite,Elites,Series 46,Sheamus,2016,Mattel > Elite > Elites,Mattel,Elite,Elites,Series 46,Sheamus,2016,http://wrestlingfigurehq.com/images/Mattel/Elite/Series 46/Sheamus.jpg
Elite290,Mattel,Elite,Elites,Series 47a,Cesaro,2016,Mattel > Elite > Elites,Mattel,Elite,Elites,Series 47a,Cesaro,2016,http://wrestlingfigurehq.com/images/Mattel/Elite/Series 47a/Cesaro.jpg
Elite291,Mattel,Elite,Elites,Series 47a,Kevin Owens,2016,Mattel > Elite > Elites,Mattel,Elite,Elites,Series 47a,Kevin Owens,2016,http://wrestlingfigurehq.com/images/Mattel/Elite/Series 47a/Kevin Owens.jpg
Elite292,Mattel,Elite,Elites,Series 47a,Big Boss Man,2016,Mattel > Elite > Elites,Mattel,Elite,Elites,Series 47a,Big Boss Man,2016,http://wrestlingfigurehq.com/images/Mattel/Elite/Series 47a/Big Boss Man.jpg
Elite293,Mattel,Elite,Elites,Series 47a,Tatanka,2016,Mattel > Elite > Elites,Mattel,Elite,Elites,Series 47a,Tatanka,2016,http://wrestlingfigurehq.com/images/Mattel/Elite/Series 47a/Tatanka.jpg
Elite294,Mattel,Elite,Elites,Series 47a,Asuka,2016,Mattel > Elite > Elites,Mattel,Elite,Elites,Series 47a,Asuka,2016,http://wrestlingfigurehq.com/images/Mattel/Elite/Series 47a/Asuka.jpg
Elite295,Mattel,Elite,Elites,Series 47a,AJ Styles,2016,Mattel > Elite > Elites,Mattel,Elite,Elites,Series 47a,AJ Styles,2016,http://wrestlingfigurehq.com/images/Mattel/Elite/Series 47a/AJ Styles.jpg
Elite296,Mattel,Elite,Elites,Series 47b,Goldust,2016,Mattel > Elite > Elites,Mattel,Elite,Elites,Series 47b,Goldust,2016,http://wrestlingfigurehq.com/images/Mattel/Elite/Series 47b/Goldust.jpg
Elite297,Mattel,Elite,Elites,Series 47b,Brian Pillman,2016,Mattel > Elite > Elites,Mattel,Elite,Elites,Series 47b,Brian Pillman,2016,http://wrestlingfigurehq.com/images/Mattel/Elite/Series 47b/Brian Pillman.jpg
Elite298,Mattel,Elite,Elites,Series 47b,The Rock,2016,Mattel > Elite > Elites,Mattel,Elite,Elites,Series 47b,The Rock,2016,http://wrestlingfigurehq.com/images/Mattel/Elite/Series 47b/The Rock.jpg
Elite299,Mattel,Elite,Elites,Series 47b,Kane,2016,Mattel > Elite > Elites,Mattel,Elite,Elites,Series 47b,Kane,2016,http://wrestlingfigurehq.com/images/Mattel/Elite/Series 47b/Kane.jpg
Elite300,Mattel,Elite,Elites,Series 47b,Viktor,2016,Mattel > Elite > Elites,Mattel,Elite,Elites,Series 47b,Viktor,2016,http://wrestlingfigurehq.com/images/Mattel/Elite/Series 47b/Viktor.jpg
Elite301,Mattel,Elite,Elites,Series 47b,Konnor,2016,Mattel > Elite > Elites,Mattel,Elite,Elites,Series 47b,Konnor,2016,http://wrestlingfigurehq.com/images/Mattel/Elite/Series 47b/Konnor.jpg
Elite302,Mattel,Elite,Elites,Series 48,Dolph Ziggler,2017,Mattel > Elite > Elites,Mattel,Elite,Elites,Series 48,Dolph Ziggler,2017,http://wrestlingfigurehq.com/images/Mattel/Elite/Series 48/Dolph Ziggler.jpg
Elite303,Mattel,Elite,Elites,Series 48,Erick Rowan,2017,Mattel > Elite > Elites,Mattel,Elite,Elites,Series 48,Erick Rowan,2017,http://wrestlingfigurehq.com/images/Mattel/Elite/Series 48/Erick Rowan.jpg
Elite304,Mattel,Elite,Elites,Series 48,Kalisto,2017,Mattel > Elite > Elites,Mattel,Elite,Elites,Series 48,Kalisto,2017,http://wrestlingfigurehq.com/images/Mattel/Elite/Series 48/Kalisto.jpg
Elite305,Mattel,Elite,Elites,Series 48,Dean Ambrose,2017,Mattel > Elite > Elites,Mattel,Elite,Elites,Series 48,Dean Ambrose,2017,http://wrestlingfigurehq.com/images/Mattel/Elite/Series 48/Dean Ambrose.jpg
Elite306,Mattel,Elite,Elites,Series 48,Cactus Jack,2017,Mattel > Elite > Elites,Mattel,Elite,Elites,Series 48,Cactus Jack,2017,http://wrestlingfigurehq.com/images/Mattel/Elite/Series 48/Cactus Jack.jpg
Elite307,Mattel,Elite,Elites,Series 48,The Boogeyman,2017,Mattel > Elite > Elites,Mattel,Elite,Elites,Series 48,The Boogeyman,2017,http://wrestlingfigurehq.com/images/Mattel/Elite/Series 48/The Boogeyman.jpg
Elite308,Mattel,Elite,Elites,Series 49,Brutus the Barber Beefcake,2017,Mattel > Elite > Elites,Mattel,Elite,Elites,Series 49,Brutus the Barber Beefcake,2017,http://wrestlingfigurehq.com/images/Mattel/Elite/Series 49/Brutus the Barber Beefcake.jpg
Elite309,Mattel,Elite,Elites,Series 49,Apollo Crews,2017,Mattel > Elite > Elites,Mattel,Elite,Elites,Series 49,Apollo Crews,2017,http://wrestlingfigurehq.com/images/Mattel/Elite/Series 49/Apollo Crews.jpg
Elite310,Mattel,Elite,Elites,Series 49,Randy Orton,2017,Mattel > Elite > Elites,Mattel,Elite,Elites,Series 49,Randy Orton,2017,http://wrestlingfigurehq.com/images/Mattel/Elite/Series 49/Randy Orton.jpg
Elite311,Mattel,Elite,Elites,Series 49,Big Cass,2017,Mattel > Elite > Elites,Mattel,Elite,Elites,Series 49,Big Cass,2017,http://wrestlingfigurehq.com/images/Mattel/Elite/Series 49/Big Cass.jpg
Elite312,Mattel,Elite,Elites,Series 49,Enzo Amore,2017,Mattel > Elite > Elites,Mattel,Elite,Elites,Series 49,Enzo Amore,2017,http://wrestlingfigurehq.com/images/Mattel/Elite/Series 49/Enzo Amore.jpg
Elite313,Mattel,Elite,Elites,Series 49,Becky Lynch,2017,Mattel > Elite > Elites,Mattel,Elite,Elites,Series 49,Becky Lynch,2017,http://wrestlingfigurehq.com/images/Mattel/Elite/Series 49/Becky Lynch.jpg
Elite314,Mattel,Elite,Elites,Series 50,Warlord,2017,Mattel > Elite > Elites,Mattel,Elite,Elites,Series 50,Warlord,2017,http://wrestlingfigurehq.com/images/Mattel/Elite/Series 50/Warlord.jpg
Elite315,Mattel,Elite,Elites,Series 50,Rhyno,2017,Mattel > Elite > Elites,Mattel,Elite,Elites,Series 50,Rhyno,2017,http://wrestlingfigurehq.com/images/Mattel/Elite/Series 50/Rhyno.jpg
Elite316,Mattel,Elite,Elites,Series 50,John Cena,2017,Mattel > Elite > Elites,Mattel,Elite,Elites,Series 50,John Cena,2017,http://wrestlingfigurehq.com/images/Mattel/Elite/Series 50/John Cena.jpg
Elite317,Mattel,Elite,Elites,Series 50,Baron Corbin,2017,Mattel > Elite > Elites,Mattel,Elite,Elites,Series 50,Baron Corbin,2017,http://wrestlingfigurehq.com/images/Mattel/Elite/Series 50/Baron Corbin.jpg
Elite318,Mattel,Elite,Elites,Series 50,Shane McMahon,2017,Mattel > Elite > Elites,Mattel,Elite,Elites,Series 50,Shane McMahon,2017,http://wrestlingfigurehq.com/images/Mattel/Elite/Series 50/Shane McMahon.jpg
Elite319,Mattel,Elite,Elites,Series 50,Stephanie McMahon,2017,Mattel > Elite > Elites,Mattel,Elite,Elites,Series 50,Stephanie McMahon,2017,http://wrestlingfigurehq.com/images/Mattel/Elite/Series 50/Stephanie McMahon.jpg
Elite320,Mattel,Elite,Elites,Series 51,Mankind,2017,Mattel > Elite > Elites,Mattel,Elite,Elites,Series 51,Mankind,2017,http://wrestlingfigurehq.com/images/Mattel/Elite/Series 51/Mankind.jpg
Elite321,Mattel,Elite,Elites,Series 51,Berzerker,2017,Mattel > Elite > Elites,Mattel,Elite,Elites,Series 51,Berzerker,2017,http://wrestlingfigurehq.com/images/Mattel/Elite/Series 51/Berzerker.jpg
Elite322,Mattel,Elite,Elites,Series 51,Roman Reigns,2017,Mattel > Elite > Elites,Mattel,Elite,Elites,Series 51,Roman Reigns,2017,http://wrestlingfigurehq.com/images/Mattel/Elite/Series 51/Roman Reigns.jpg
Elite323,Mattel,Elite,Elites,Series 51,AJ Styles,2017,Mattel > Elite > Elites,Mattel,Elite,Elites,Series 51,AJ Styles,2017,http://wrestlingfigurehq.com/images/Mattel/Elite/Series 51/AJ Styles.jpg
Elite324,Mattel,Elite,Elites,Series 51,Sami Zayn,2017,Mattel > Elite > Elites,Mattel,Elite,Elites,Series 51,Sami Zayn,2017,http://wrestlingfigurehq.com/images/Mattel/Elite/Series 51/Sami Zayn.jpg
Elite325,Mattel,Elite,Elites,Series 51,Scott Hall,2017,Mattel > Elite > Elites,Mattel,Elite,Elites,Series 51,Scott Hall,2017,http://wrestlingfigurehq.com/images/Mattel/Elite/Series 51/Scott Hall.jpg
Elite326,Mattel,Elite,Elites,Series 52,Xavier Woods,2017,Mattel > Elite > Elites,Mattel,Elite,Elites,Series 52,Xavier Woods,2017,http://wrestlingfigurehq.com/images/Mattel/Elite/Series 52/Xavier Woods.jpg
Elite327,Mattel,Elite,Elites,Series 52,Kofi Kingston,2017,Mattel > Elite > Elites,Mattel,Elite,Elites,Series 52,Kofi Kingston,2017,http://wrestlingfigurehq.com/images/Mattel/Elite/Series 52/Kofi Kingston.jpg
Elite328,Mattel,Elite,Elites,Series 52,Seth Rollins,2017,Mattel > Elite > Elites,Mattel,Elite,Elites,Series 52,Seth Rollins,2017,http://wrestlingfigurehq.com/images/Mattel/Elite/Series 52/Seth Rollins.jpg
Elite329,Mattel,Elite,Elites,Series 52,Braun Strowman,2017,Mattel > Elite > Elites,Mattel,Elite,Elites,Series 52,Braun Strowman,2017,http://wrestlingfigurehq.com/images/Mattel/Elite/Series 52/Braun Strowman.jpg
Elite330,Mattel,Elite,Elites,Series 52,Ken Shamrock,2017,Mattel > Elite > Elites,Mattel,Elite,Elites,Series 52,Ken Shamrock,2017,http://wrestlingfigurehq.com/images/Mattel/Elite/Series 52/Ken Shamrock.jpg
Elite331,Mattel,Elite,Elites,Series 52,D-Lo Brown,2017,Mattel > Elite > Elites,Mattel,Elite,Elites,Series 52,D-Lo Brown,2017,http://wrestlingfigurehq.com/images/Mattel/Elite/Series 52/D-Lo Brown.jpg
Elite332,Mattel,Elite,Elites,Series 53,Kevin Owens,2017,Mattel > Elite > Elites,Mattel,Elite,Elites,Series 53,Kevin Owens,2017,http://wrestlingfigurehq.com/images/Mattel/Elite/Series 53/Kevin Owens.jpg
Elite333,Mattel,Elite,Elites,Series 53,Big E,2017,Mattel > Elite > Elites,Mattel,Elite,Elites,Series 53,Big E,2017,http://wrestlingfigurehq.com/images/Mattel/Elite/Series 53/Big E.jpg
Elite334,Mattel,Elite,Elites,Series 53,Chris Jericho,2017,Mattel > Elite > Elites,Mattel,Elite,Elites,Series 53,Chris Jericho,2017,http://wrestlingfigurehq.com/images/Mattel/Elite/Series 53/Chris Jericho.jpg
Elite335,Mattel,Elite,Elites,Series 53,Heath Slater,2017,Mattel > Elite > Elites,Mattel,Elite,Elites,Series 53,Heath Slater,2017,http://wrestlingfigurehq.com/images/Mattel/Elite/Series 53/Heath Slater.jpg
Elite336,Mattel,Elite,Elites,Series 53,The Miz,2017,Mattel > Elite > Elites,Mattel,Elite,Elites,Series 53,The Miz,2017,http://wrestlingfigurehq.com/images/Mattel/Elite/Series 53/The Miz.jpg
Elite337,Mattel,Elite,Elites,Series 53,Alexa Bliss,2017,Mattel > Elite > Elites,Mattel,Elite,Elites,Series 53,Alexa Bliss,2017,http://wrestlingfigurehq.com/images/Mattel/Elite/Series 53/Alexa Bliss.jpg
Elite338,Mattel,Elite,Elites,Series 54,John Cena,2017,Mattel > Elite > Elites,Mattel,Elite,Elites,Series 54,John Cena,2017,http://wrestlingfigurehq.com/images/Mattel/Elite/Series 54/John Cena.jpg
Elite339,Mattel,Elite,Elites,Series 54,Jey Uso,2017,Mattel > Elite > Elites,Mattel,Elite,Elites,Series 54,Jey Uso,2017,http://wrestlingfigurehq.com/images/Mattel/Elite/Series 54/Jey Uso.jpg
Elite340,Mattel,Elite,Elites,Series 54,Jimmy Uso,2017,Mattel > Elite > Elites,Mattel,Elite,Elites,Series 54,Jimmy Uso,2017,http://wrestlingfigurehq.com/images/Mattel/Elite/Series 54/Jimmy Uso.jpg
Elite341,Mattel,Elite,Elites,Series 54,Bray Wyatt,2017,Mattel > Elite > Elites,Mattel,Elite,Elites,Series 54,Bray Wyatt,2017,http://wrestlingfigurehq.com/images/Mattel/Elite/Series 54/Bray Wyatt.jpg
Elite342,Mattel,Elite,Elites,Series 54,Rich Swann,2017,Mattel > Elite > Elites,Mattel,Elite,Elites,Series 54,Rich Swann,2017,http://wrestlingfigurehq.com/images/Mattel/Elite/Series 54/Rich Swann.jpg
Elite343,Mattel,Elite,Elites,Series 54,Charlotte Flair,2017,Mattel > Elite > Elites,Mattel,Elite,Elites,Series 54,Charlotte Flair,2017,http://wrestlingfigurehq.com/images/Mattel/Elite/Series 54/Charlotte Flair.jpg
Elite344,Mattel,Elite,Elites,Series 55,James Ellsworth,2017,Mattel > Elite > Elites,Mattel,Elite,Elites,Series 55,James Ellsworth,2017,http://wrestlingfigurehq.com/images/Mattel/Elite/Series 55/James Ellsworth.jpg
Elite345,Mattel,Elite,Elites,Series 55,Brock Lesnar,2017,Mattel > Elite > Elites,Mattel,Elite,Elites,Series 55,Brock Lesnar,2017,http://wrestlingfigurehq.com/images/Mattel/Elite/Series 55/Brock Lesnar.jpg
Elite346,Mattel,Elite,Elites,Series 55,Big Cass,2017,Mattel > Elite > Elites,Mattel,Elite,Elites,Series 55,Big Cass,2017,http://wrestlingfigurehq.com/images/Mattel/Elite/Series 55/Big Cass.jpg
Elite347,Mattel,Elite,Elites,Series 55,Enzo Amore,2017,Mattel > Elite > Elites,Mattel,Elite,Elites,Series 55,Enzo Amore,2017,http://wrestlingfigurehq.com/images/Mattel/Elite/Series 55/Enzo Amore.jpg
Elite348,Mattel,Elite,Elites,Series 55,Neville,2017,Mattel > Elite > Elites,Mattel,Elite,Elites,Series 55,Neville,2017,http://wrestlingfigurehq.com/images/Mattel/Elite/Series 55/Neville.jpg
Elite349,Mattel,Elite,Elites,Series 55,Undertaker,2017,Mattel > Elite > Elites,Mattel,Elite,Elites,Series 55,Undertaker,2017,http://wrestlingfigurehq.com/images/Mattel/Elite/Series 55/Undertaker.jpg
Elite350,Mattel,Elite,Elites,Series 56,Samoa Joe,2018,Mattel > Elite > Elites,Mattel,Elite,Elites,Series 56,Samoa Joe,2018,http://wrestlingfigurehq.com/images/Mattel/Elite/Series 56/Samoa Joe.jpg
Elite351,Mattel,Elite,Elites,Series 56,AJ Styles,2018,Mattel > Elite > Elites,Mattel,Elite,Elites,Series 56,AJ Styles,2018,http://wrestlingfigurehq.com/images/Mattel/Elite/Series 56/AJ Styles.jpg
Elite352,Mattel,Elite,Elites,Series 56,Roman Reigns,2018,Mattel > Elite > Elites,Mattel,Elite,Elites,Series 56,Roman Reigns,2018,http://wrestlingfigurehq.com/images/Mattel/Elite/Series 56/Roman Reigns.jpg
Elite353,Mattel,Elite,Elites,Series 56,Gentleman Jack Gallagher,2018,Mattel > Elite > Elites,Mattel,Elite,Elites,Series 56,Gentleman Jack Gallagher,2018,http://wrestlingfigurehq.com/images/Mattel/Elite/Series 56/Gentleman Jack Gallagher.jpg
Elite354,Mattel,Elite,Elites,Series 56,Luke Gallows,2018,Mattel > Elite > Elites,Mattel,Elite,Elites,Series 56,Luke Gallows,2018,http://wrestlingfigurehq.com/images/Mattel/Elite/Series 56/Luke Gallows.jpg
Elite355,Mattel,Elite,Elites,Series 56,Karl Anderson,2018,Mattel > Elite > Elites,Mattel,Elite,Elites,Series 56,Karl Anderson,2018,http://wrestlingfigurehq.com/images/Mattel/Elite/Series 56/Karl Anderson.jpg
Elite356,Mattel,Elite,Elites,Series 57,Baron Corbin,2018,Mattel > Elite > Elites,Mattel,Elite,Elites,Series 57,Baron Corbin,2018,http://wrestlingfigurehq.com/images/Mattel/Elite/Series 57/Baron Corbin.jpg
Elite357,Mattel,Elite,Elites,Series 57,Tye Dillinger,2018,Mattel > Elite > Elites,Mattel,Elite,Elites,Series 57,Tye Dillinger,2018,http://wrestlingfigurehq.com/images/Mattel/Elite/Series 57/Tye Dillinger.jpg
Elite358,Mattel,Elite,Elites,Series 57,Seth Rollins,2018,Mattel > Elite > Elites,Mattel,Elite,Elites,Series 57,Seth Rollins,2018,http://wrestlingfigurehq.com/images/Mattel/Elite/Series 57/Seth Rollins.jpg
Elite359,Mattel,Elite,Elites,Series 57,Jeff Hardy,2018,Mattel > Elite > Elites,Mattel,Elite,Elites,Series 57,Jeff Hardy,2018,http://wrestlingfigurehq.com/images/Mattel/Elite/Series 57/Jeff Hardy.jpg
Elite360,Mattel,Elite,Elites,Series 57,Shinsuke Nakamura,2018,Mattel > Elite > Elites,Mattel,Elite,Elites,Series 57,Shinsuke Nakamura,2018,http://wrestlingfigurehq.com/images/Mattel/Elite/Series 57/Shinsuke Nakamura.jpg
Elite361,Mattel,Elite,Elites,Series 57,Scotty 2 Hotty,2018,Mattel > Elite > Elites,Mattel,Elite,Elites,Series 57,Scotty 2 Hotty,2018,http://wrestlingfigurehq.com/images/Mattel/Elite/Series 57/Scotty 2 Hotty.jpg
Elite362,Mattel,Elite,Elites,Series 58,Dean Ambrose,2018,Mattel > Elite > Elites,Mattel,Elite,Elites,Series 58,Dean Ambrose,2018,http://wrestlingfigurehq.com/images/Mattel/Elite/Series 58/Dean Ambrose.jpg
Elite363,Mattel,Elite,Elites,Series 58,Braun Strowman,2018,Mattel > Elite > Elites,Mattel,Elite,Elites,Series 58,Braun Strowman,2018,http://wrestlingfigurehq.com/images/Mattel/Elite/Series 58/Braun Strowman.jpg
Elite364,Mattel,Elite,Elites,Series 58,Matt Hardy,2018,Mattel > Elite > Elites,Mattel,Elite,Elites,Series 58,Matt Hardy,2018,http://wrestlingfigurehq.com/images/Mattel/Elite/Series 58/Matt Hardy.jpg
Elite365,Mattel,Elite,Elites,Series 58,Sheamus,2018,Mattel > Elite > Elites,Mattel,Elite,Elites,Series 58,Sheamus,2018,http://wrestlingfigurehq.com/images/Mattel/Elite/Series 58/Sheamus.jpg
Elite366,Mattel,Elite,Elites,Series 58,Cesaro,2018,Mattel > Elite > Elites,Mattel,Elite,Elites,Series 58,Cesaro,2018,http://wrestlingfigurehq.com/images/Mattel/Elite/Series 58/Cesaro.jpg
Elite367,Mattel,Elite,Elites,Series 58,Mickie James,2018,Mattel > Elite > Elites,Mattel,Elite,Elites,Series 58,Mickie James,2018,http://wrestlingfigurehq.com/images/Mattel/Elite/Series 58/Mickie James.jpg
Elite368,Mattel,Elite,Elites,Series 59,Kurt Angle,2018,Mattel > Elite > Elites,Mattel,Elite,Elites,Series 59,Kurt Angle,2018,http://wrestlingfigurehq.com/images/Mattel/Elite/Series 59/Kurt Angle.jpg
Elite369,Mattel,Elite,Elites,Series 59,Chad Gable,2018,Mattel > Elite > Elites,Mattel,Elite,Elites,Series 59,Chad Gable,2018,http://wrestlingfigurehq.com/images/Mattel/Elite/Series 59/Chad Gable.jpg
Elite370,Mattel,Elite,Elites,Series 59,Jason Jordan,2018,Mattel > Elite > Elites,Mattel,Elite,Elites,Series 59,Jason Jordan,2018,http://wrestlingfigurehq.com/images/Mattel/Elite/Series 59/Jason Jordan.jpg
Elite371,Mattel,Elite,Elites,Series 59,Zack Ryder,2018,Mattel > Elite > Elites,Mattel,Elite,Elites,Series 59,Zack Ryder,2018,http://wrestlingfigurehq.com/images/Mattel/Elite/Series 59/Zack Ryder.jpg
Elite372,Mattel,Elite,Elites,Series 59,The Miz,2018,Mattel > Elite > Elites,Mattel,Elite,Elites,Series 59,The Miz,2018,http://wrestlingfigurehq.com/images/Mattel/Elite/Series 59/The Miz.jpg
Elite373,Mattel,Elite,Elites,Series 59,Finn Balor,2018,Mattel > Elite > Elites,Mattel,Elite,Elites,Series 59,Finn Balor,2018,http://wrestlingfigurehq.com/images/Mattel/Elite/Series 59/Finn Balor.jpg
Elite374,Mattel,Elite,Elites,Series 60,John Cena,2018,Mattel > Elite > Elites,Mattel,Elite,Elites,Series 60,John Cena,2018,http://wrestlingfigurehq.com/images/Mattel/Elite/Series 60/John Cena.jpg
Elite375,Mattel,Elite,Elites,Series 60,Kofi Kingston,2018,Mattel > Elite > Elites,Mattel,Elite,Elites,Series 60,Kofi Kingston,2018,http://wrestlingfigurehq.com/images/Mattel/Elite/Series 60/Kofi Kingston.jpg
Elite376,Mattel,Elite,Elites,Series 60,Xavier Woods,2018,Mattel > Elite > Elites,Mattel,Elite,Elites,Series 60,Xavier Woods,2018,http://wrestlingfigurehq.com/images/Mattel/Elite/Series 60/Xavier Woods.jpg
Elite377,Mattel,Elite,Elites,Series 60,Giant Machine - Andre the Giant,2018,Mattel > Elite > Elites,Mattel,Elite,Elites,Series 60,Andre the Giant,2018,http://wrestlingfigurehq.com/images/Mattel/Elite/Series 60/Giant Machine - Andre the Giant.jpg
Elite378,Mattel,Elite,Elites,Series 60,Triple H,2018,Mattel > Elite > Elites,Mattel,Elite,Elites,Series 60,Triple H,2018,http://wrestlingfigurehq.com/images/Mattel/Elite/Series 60/Triple H.jpg
Elite379,Mattel,Elite,Elites,Series 60,Elias,2018,Mattel > Elite > Elites,Mattel,Elite,Elites,Series 60,Elias,2018,http://wrestlingfigurehq.com/images/Mattel/Elite/Series 60/Elias.jpg
Elite380,Mattel,Elite,Elites,Series 61,AJ Styles,2018,Mattel > Elite > Elites,Mattel,Elite,Elites,Series 61,AJ Styles,2018,http://wrestlingfigurehq.com/images/Mattel/Elite/Series 61/AJ Styles.jpg
Elite381,Mattel,Elite,Elites,Series 61,Kevin Owens,2018,Mattel > Elite > Elites,Mattel,Elite,Elites,Series 61,Kevin Owens,2018,http://wrestlingfigurehq.com/images/Mattel/Elite/Series 61/Kevin Owens.jpg
Elite382,Mattel,Elite,Elites,Series 61,Tyler Breeze,2018,Mattel > Elite > Elites,Mattel,Elite,Elites,Series 61,Tyler Breeze,2018,http://wrestlingfigurehq.com/images/Mattel/Elite/Series 61/Tyler Breeze.jpg
Elite383,Mattel,Elite,Elites,Series 61,Fandango,2018,Mattel > Elite > Elites,Mattel,Elite,Elites,Series 61,Fandango,2018,http://wrestlingfigurehq.com/images/Mattel/Elite/Series 61/Fandango.jpg
Elite384,Mattel,Elite,Elites,Series 61,Big E,2018,Mattel > Elite > Elites,Mattel,Elite,Elites,Series 61,Big E,2018,http://wrestlingfigurehq.com/images/Mattel/Elite/Series 61/Big E.jpg
Elite385,Mattel,Elite,Elites,Series 61,Shane McMahon,2018,Mattel > Elite > Elites,Mattel,Elite,Elites,Series 61,Shane McMahon,2018,http://wrestlingfigurehq.com/images/Mattel/Elite/Series 61/Shane McMahon.jpg
Elite386,Mattel,Elite,Elites,Series 62,Roman Reigns,2018,Mattel > Elite > Elites,Mattel,Elite,Elites,Series 62,Roman Reigns,2018,http://wrestlingfigurehq.com/images/Mattel/Elite/Series 62/Roman Reigns.jpg
Elite387,Mattel,Elite,Elites,Series 62,Braun Strowman,2018,Mattel > Elite > Elites,Mattel,Elite,Elites,Series 62,Braun Strowman,2018,http://wrestlingfigurehq.com/images/Mattel/Elite/Series 62/Braun Strowman.jpg
Elite388,Mattel,Elite,Elites,Series 62,Dude Love,2018,Mattel > Elite > Elites,Mattel,Elite,Elites,Series 62,Dude Love,2018,http://wrestlingfigurehq.com/images/Mattel/Elite/Series 62/Dude Love.jpg
Elite389,Mattel,Elite,Elites,Series 62,Akam,2018,Mattel > Elite > Elites,Mattel,Elite,Elites,Series 62,Akam,2018,http://wrestlingfigurehq.com/images/Mattel/Elite/Series 62/Akam.jpg
Elite390,Mattel,Elite,Elites,Series 62,Rezar,2018,Mattel > Elite > Elites,Mattel,Elite,Elites,Series 62,Rezar,2018,http://wrestlingfigurehq.com/images/Mattel/Elite/Series 62/Rezar.jpg
Elite391,Mattel,Elite,Elites,Series 62,Sting,2018,Mattel > Elite > Elites,Mattel,Elite,Elites,Series 62,Sting,2018,http://wrestlingfigurehq.com/images/Mattel/Elite/Series 62/Sting.jpg
Elite392,Mattel,Elite,Elites,Series 63,Shelton Benjamin,2019,Mattel > Elite > Elites,Mattel,Elite,Elites,Series 63,Shelton Benjamin,2019,http://wrestlingfigurehq.com/images/Mattel/Elite/Series 63/Shelton Benjamin.jpg
Elite393,Mattel,Elite,Elites,Series 63,Shelton Benjamin (Chase),2019,Mattel > Elite > Elites,Mattel,Elite,Elites,Series 63,Shelton Benjamin,2019,http://wrestlingfigurehq.com/images/Mattel/Elite/Series 63/Shelton Benjamin (Chase).jpg
Elite394,Mattel,Elite,Elites,Series 63,Kane,2019,Mattel > Elite > Elites,Mattel,Elite,Elites,Series 63,Kane,2019,http://wrestlingfigurehq.com/images/Mattel/Elite/Series 63/Kane.jpg
Elite395,Mattel,Elite,Elites,Series 63,Shinsuke Nakamura,2019,Mattel > Elite > Elites,Mattel,Elite,Elites,Series 63,Shinsuke Nakamura,2019,http://wrestlingfigurehq.com/images/Mattel/Elite/Series 63/Shinsuke Nakamura.jpg
Elite396,Mattel,Elite,Elites,Series 63,Dusty Rhodes,2019,Mattel > Elite > Elites,Mattel,Elite,Elites,Series 63,Dusty Rhodes,2019,http://wrestlingfigurehq.com/images/Mattel/Elite/Series 63/Dusty Rhodes.jpg
Elite397,Mattel,Elite,Elites,Series 63,Dean Ambrose,2019,Mattel > Elite > Elites,Mattel,Elite,Elites,Series 63,Dean Ambrose,2019,http://wrestlingfigurehq.com/images/Mattel/Elite/Series 63/Dean Ambrose.jpg
Elite398,Mattel,Elite,Elites,Series 63,Sami Zayn,2019,Mattel > Elite > Elites,Mattel,Elite,Elites,Series 63,Sami Zayn,2019,http://wrestlingfigurehq.com/images/Mattel/Elite/Series 63/Sami Zayn.jpg
Elite399,Mattel,Elite,Elites,Series 63,Bob Backlund,2019,Mattel > Elite > Elites,Mattel,Elite,Elites,Series 63,Bob Backlund,2019,http://wrestlingfigurehq.com/images/Mattel/Elite/Series 63/Bob Backlund.jpg
Elite400,Mattel,Elite,Elites,Series 64,Curt Hawkins,2019,Mattel > Elite > Elites,Mattel,Elite,Elites,Series 64,Curt Hawkins,2019,http://wrestlingfigurehq.com/images/Mattel/Elite/Series 64/Curt Hawkins.jpg
Elite401,Mattel,Elite,Elites,Series 64,Curt Hawkins (Chase),2019,Mattel > Elite > Elites,Mattel,Elite,Elites,Series 64,Curt Hawkins,2019,http://wrestlingfigurehq.com/images/Mattel/Elite/Series 64/Curt Hawkins (Chase).jpg
Elite402,Mattel,Elite,Elites,Series 64,Pete Dunne,2019,Mattel > Elite > Elites,Mattel,Elite,Elites,Series 64,Pete Dunne,2019,http://wrestlingfigurehq.com/images/Mattel/Elite/Series 64/Pete Dunne.jpg
Elite403,Mattel,Elite,Elites,Series 64,Samoa Joe,2019,Mattel > Elite > Elites,Mattel,Elite,Elites,Series 64,Samoa Joe,2019,http://wrestlingfigurehq.com/images/Mattel/Elite/Series 64/Samoa Joe.jpg
Elite404,Mattel,Elite,Elites,Series 64,John Cena,2019,Mattel > Elite > Elites,Mattel,Elite,Elites,Series 64,John Cena,2019,http://wrestlingfigurehq.com/images/Mattel/Elite/Series 64/John Cena.jpg
Elite405,Mattel,Elite,Elites,Series 64,Seth Rollins,2019,Mattel > Elite > Elites,Mattel,Elite,Elites,Series 64,Seth Rollins,2019,http://wrestlingfigurehq.com/images/Mattel/Elite/Series 64/Seth Rollins.jpg
Elite406,Mattel,Elite,Elites,Series 64,Jimmy Uso,2019,Mattel > Elite > Elites,Mattel,Elite,Elites,Series 64,Jimmy Uso,2019,http://wrestlingfigurehq.com/images/Mattel/Elite/Series 64/Jimmy Uso.jpg
Elite407,Mattel,Elite,Elites,Series 64,Jey Uso,2019,Mattel > Elite > Elites,Mattel,Elite,Elites,Series 64,Jey Uso,2019,http://wrestlingfigurehq.com/images/Mattel/Elite/Series 64/Jey Uso.jpg
Elite408,Mattel,Elite,Elites,Series 65,Nia Jax,2019,Mattel > Elite > Elites,Mattel,Elite,Elites,Series 65,Nia Jax,2019,http://wrestlingfigurehq.com/images/Mattel/Elite/Series 65/Nia Jax.jpg
Elite409,Mattel,Elite,Elites,Series 65,Eric Young,2019,Mattel > Elite > Elites,Mattel,Elite,Elites,Series 65,Eric Young,2019,http://wrestlingfigurehq.com/images/Mattel/Elite/Series 65/Eric Young.jpg
Elite410,Mattel,Elite,Elites,Series 65,Ronda Rousey,2019,Mattel > Elite > Elites,Mattel,Elite,Elites,Series 65,Ronda Rousey,2019,http://wrestlingfigurehq.com/images/Mattel/Elite/Series 65/Ronda Rousey.jpg
Elite411,Mattel,Elite,Elites,Series 65,Roman Reigns,2019,Mattel > Elite > Elites,Mattel,Elite,Elites,Series 65,Roman Reigns,2019,http://wrestlingfigurehq.com/images/Mattel/Elite/Series 65/Roman Reigns.jpg
Elite412,Mattel,Elite,Elites,Series 65,Rusev,2019,Mattel > Elite > Elites,Mattel,Elite,Elites,Series 65,Rusev,2019,http://wrestlingfigurehq.com/images/Mattel/Elite/Series 65/Rusev.jpg
Elite413,Mattel,Elite,Elites,Series 65,Aiden English,2019,Mattel > Elite > Elites,Mattel,Elite,Elites,Series 65,Aiden English,2019,http://wrestlingfigurehq.com/images/Mattel/Elite/Series 65/Aiden English.jpg
Elite414,Mattel,Elite,Elites,Series 65,Aiden English (Chase),2019,Mattel > Elite > Elites,Mattel,Elite,Elites,Series 65,Aiden English,2019,http://wrestlingfigurehq.com/images/Mattel/Elite/Series 65/Aiden English (Chase).jpg
Elite415,Mattel,Elite,Elites,Series 65,Sensational Sherri,2019,Mattel > Elite > Elites,Mattel,Elite,Elites,Series 65,Sensational Sherri,2019,http://wrestlingfigurehq.com/images/Mattel/Elite/Series 65/Sensational Sherri.jpg
Elite416,Mattel,Elite,Elites,Series 66,Kurt Angle,2019,Mattel > Elite > Elites,Mattel,Elite,Elites,Series 66,Kurt Angle,2019,http://wrestlingfigurehq.com/images/Mattel/Elite/Series 66/Kurt Angle.jpg
Elite417,Mattel,Elite,Elites,Series 66,AJ Styles,2019,Mattel > Elite > Elites,Mattel,Elite,Elites,Series 66,AJ Styles,2019,http://wrestlingfigurehq.com/images/Mattel/Elite/Series 66/AJ Styles.jpg
Elite418,Mattel,Elite,Elites,Series 66,Kevin Owens,2019,Mattel > Elite > Elites,Mattel,Elite,Elites,Series 66,Kevin Owens,2019,http://wrestlingfigurehq.com/images/Mattel/Elite/Series 66/Kevin Owens.jpg
Elite419,Mattel,Elite,Elites,Series 66,Kevin Owens (Chase),2019,Mattel > Elite > Elites,Mattel,Elite,Elites,Series 66,Kevin Owens,2019,http://wrestlingfigurehq.com/images/Mattel/Elite/Series 66/Kevin Owens (Chase).jpg
Elite420,Mattel,Elite,Elites,Series 66,Nikki Cross,2019,Mattel > Elite > Elites,Mattel,Elite,Elites,Series 66,Nikki Cross,2019,http://wrestlingfigurehq.com/images/Mattel/Elite/Series 66/Nikki Cross.jpg
Elite421,Mattel,Elite,Elites,Series 66,Erick Rowan,2019,Mattel > Elite > Elites,Mattel,Elite,Elites,Series 66,Erick Rowan,2019,http://wrestlingfigurehq.com/images/Mattel/Elite/Series 66/Erick Rowan.jpg
Elite422,Mattel,Elite,Elites,Series 66,Luke Harper,2019,Mattel > Elite > Elites,Mattel,Elite,Elites,Series 66,Luke Harper,2019,http://wrestlingfigurehq.com/images/Mattel/Elite/Series 66/Luke Harper.jpg
Elite423,Mattel,Elite,Elites,Series 66,Alexander Wolfe,2019,Mattel > Elite > Elites,Mattel,Elite,Elites,Series 66,Alexander Wolfe,2019,http://wrestlingfigurehq.com/images/Mattel/Elite/Series 66/Alexander Wolfe.jpg
Elite424,Mattel,Elite,Elites,Series 67,Randy Orton,2019,Mattel > Elite > Elites,Mattel,Elite,Elites,Series 67,Randy Orton,2019,http://wrestlingfigurehq.com/images/Mattel/Elite/Series 67/Randy Orton.jpg
Elite425,Mattel,Elite,Elites,Series 67,Rey Mysterio,2019,Mattel > Elite > Elites,Mattel,Elite,Elites,Series 67,Rey Mysterio,2019,http://wrestlingfigurehq.com/images/Mattel/Elite/Series 67/Rey Mysterio.jpg
Elite426,Mattel,Elite,Elites,Series 67,Jeff Hardy,2019,Mattel > Elite > Elites,Mattel,Elite,Elites,Series 67,Jeff Hardy,2019,http://wrestlingfigurehq.com/images/Mattel/Elite/Series 67/Jeff Hardy.jpg
Elite427,Mattel,Elite,Elites,Series 67,Jeff Hardy (Chase),2019,Mattel > Elite > Elites,Mattel,Elite,Elites,Series 67,Jeff Hardy,2019,http://wrestlingfigurehq.com/images/Mattel/Elite/Series 67/Jeff Hardy (Chase).jpg
Elite428,Mattel,Elite,Elites,Series 67,Velveteen Dream,2019,Mattel > Elite > Elites,Mattel,Elite,Elites,Series 67,Velveteen Dream,2019,http://wrestlingfigurehq.com/images/Mattel/Elite/Series 67/Velveteen Dream.jpg
Elite429,Mattel,Elite,Elites,Series 67,Shayna Baszler,2019,Mattel > Elite > Elites,Mattel,Elite,Elites,Series 67,Shayna Baszler,2019,http://wrestlingfigurehq.com/images/Mattel/Elite/Series 67/Shayna Baszler.jpg
Elite430,Mattel,Elite,Elites,Series 67,Cedric Alexander,2019,Mattel > Elite > Elites,Mattel,Elite,Elites,Series 67,Cedric Alexander,2019,http://wrestlingfigurehq.com/images/Mattel/Elite/Series 67/Cedric Alexander.jpg
Elite431,Mattel,Elite,Elites,Series 68,Daniel Bryan,2019,Mattel > Elite > Elites,Mattel,Elite,Elites,Series 68,Daniel Bryan,2019,http://wrestlingfigurehq.com/images/Mattel/Elite/Series 68/Daniel Bryan.jpg
Elite432,Mattel,Elite,Elites,Series 68,Brie Bella,2019,Mattel > Elite > Elites,Mattel,Elite,Elites,Series 68,Brie Bella,2019,http://wrestlingfigurehq.com/images/Mattel/Elite/Series 68/Brie Bella.jpg
Elite433,Mattel,Elite,Elites,Series 68,Undertaker,2019,Mattel > Elite > Elites,Mattel,Elite,Elites,Series 68,Undertaker,2019,http://wrestlingfigurehq.com/images/Mattel/Elite/Series 68/Undertaker.jpg
Elite434,Mattel,Elite,Elites,Series 68,Braun Strowman,2019,Mattel > Elite > Elites,Mattel,Elite,Elites,Series 68,Braun Strowman,2019,http://wrestlingfigurehq.com/images/Mattel/Elite/Series 68/Braun Strowman.jpg
Elite435,Mattel,Elite,Elites,Series 68,Roman Reigns,2019,Mattel > Elite > Elites,Mattel,Elite,Elites,Series 68,Roman Reigns,2019,http://wrestlingfigurehq.com/images/Mattel/Elite/Series 68/Roman Reigns.jpg
Elite436,Mattel,Elite,Elites,Series 68,King Mabel,2019,Mattel > Elite > Elites,Mattel,Elite,Elites,Series 68,King Mabel,2019,http://wrestlingfigurehq.com/images/Mattel/Elite/Series 68/King Mabel.jpg
Elite437,Mattel,Elite,Elites,Series 68,King Mabel (Chase),2019,Mattel > Elite > Elites,Mattel,Elite,Elites,Series 68,King Mabel,2019,http://wrestlingfigurehq.com/images/Mattel/Elite/Series 68/King Mabel (Chase).jpg
Elite438,Mattel,Elite,Elites,Series 68,Pat Patterson,2019,Mattel > Elite > Elites,Mattel,Elite,Elites,Series 68,Pat Patterson,2019,http://wrestlingfigurehq.com/images/Mattel/Elite/Series 68/Pat Patterson.jpg
Elite439,Mattel,Elite,Elites,Series 69,Bobby Lashley,2019,Mattel > Elite > Elites,Mattel,Elite,Elites,Series 69,Bobby Lashley,2019,http://wrestlingfigurehq.com/images/Mattel/Elite/Series 69/Bobby Lashley.jpg
Elite440,Mattel,Elite,Elites,Series 69,Tommaso Ciampa,2019,Mattel > Elite > Elites,Mattel,Elite,Elites,Series 69,Tommaso Ciampa,2019,http://wrestlingfigurehq.com/images/Mattel/Elite/Series 69/Tommaso Ciampa.jpg
Elite441,Mattel,Elite,Elites,Series 69,Ricochet,2019,Mattel > Elite > Elites,Mattel,Elite,Elites,Series 69,Ricochet,2019,http://wrestlingfigurehq.com/images/Mattel/Elite/Series 69/Ricochet.jpg
Elite442,Mattel,Elite,Elites,Series 69,Ali,2019,Mattel > Elite > Elites,Mattel,Elite,Elites,Series 69,Ali,2019,http://wrestlingfigurehq.com/images/Mattel/Elite/Series 69/Ali.jpg
Elite443,Mattel,Elite,Elites,Series 69,Ali (Chase),2019,Mattel > Elite > Elites,Mattel,Elite,Elites,Series 69,Ali,2019,http://wrestlingfigurehq.com/images/Mattel/Elite/Series 69/Ali (Chase).jpg
Elite444,Mattel,Elite,Elites,Series 69,The Miz,2019,Mattel > Elite > Elites,Mattel,Elite,Elites,Series 69,The Miz,2019,http://wrestlingfigurehq.com/images/Mattel/Elite/Series 69/The Miz.jpg
Elite445,Mattel,Elite,Elites,Series 69,Rey Mysterio,2019,Mattel > Elite > Elites,Mattel,Elite,Elites,Series 69,Rey Mysterio,2019,http://wrestlingfigurehq.com/images/Mattel/Elite/Series 69/Rey Mysterio.jpg
Elite446,Mattel,Elite,Elites,Series 69,The Rock,2019,Mattel > Elite > Elites,Mattel,Elite,Elites,Series 69,The Rock,2019,http://wrestlingfigurehq.com/images/Mattel/Elite/Series 69/The Rock.jpg
Elite447,Mattel,Elite,Elites,Series 69,Sonya Deville,2019,Mattel > Elite > Elites,Mattel,Elite,Elites,Series 69,Sonya Deville,2019,http://wrestlingfigurehq.com/images/Mattel/Elite/Series 69/Sonya Deville.jpg
Elite448,Mattel,Elite,Elites,Series 69,Liv Morgan,2019,Mattel > Elite > Elites,Mattel,Elite,Elites,Series 69,Liv Morgan,2019,http://wrestlingfigurehq.com/images/Mattel/Elite/Series 69/Liv Morgan.jpg
Elite449,Mattel,Elite,Elites,Series 70,Vince McMahon,2019,Mattel > Elite > Elites,Mattel,Elite,Elites,Series 70,Vince McMahon,2019,http://wrestlingfigurehq.com/images/Mattel/Elite/Series 70/Vince McMahon.jpg
Elite450,Mattel,Elite,Elites,Series 70,Seth Rollins,2019,Mattel > Elite > Elites,Mattel,Elite,Elites,Series 70,Seth Rollins,2019,http://wrestlingfigurehq.com/images/Mattel/Elite/Series 70/Seth Rollins.jpg
Elite451,Mattel,Elite,Elites,Series 70,Finn Balor,2019,Mattel > Elite > Elites,Mattel,Elite,Elites,Series 70,Finn Balor,2019,http://wrestlingfigurehq.com/images/Mattel/Elite/Series 70/Finn Balor.jpg
Elite452,Mattel,Elite,Elites,Series 70,Johnny Gargano,2019,Mattel > Elite > Elites,Mattel,Elite,Elites,Series 70,Johnny Gargano,2019,http://wrestlingfigurehq.com/images/Mattel/Elite/Series 70/Johnny Gargano.jpg
Elite453,Mattel,Elite,Elites,Series 70,EC3,2019,Mattel > Elite > Elites,Mattel,Elite,Elites,Series 70,EC3,2019,http://wrestlingfigurehq.com/images/Mattel/Elite/Series 70/EC3.jpg
Elite454,Mattel,Elite,Elites,Series 70,Dolph Ziggler,2019,Mattel > Elite > Elites,Mattel,Elite,Elites,Series 70,Dolph Ziggler,2019,http://wrestlingfigurehq.com/images/Mattel/Elite/Series 70/Dolph Ziggler.jpg
Elite455,Mattel,Elite,Elites,Series 70,Dolph Ziggler (Chase),2019,Mattel > Elite > Elites,Mattel,Elite,Elites,Series 70,Dolph Ziggler,2019,http://wrestlingfigurehq.com/images/Mattel/Elite/Series 70/Dolph Ziggler (Chase).jpg
Elite456,Mattel,Elite,Elites,Series 70,Gerald Brisco,2019,Mattel > Elite > Elites,Mattel,Elite,Elites,Series 70,Gerald Brisco,2019,http://wrestlingfigurehq.com/images/Mattel/Elite/Series 70/Gerald Brisco.jpg
Elite457,Mattel,Elite,Elites,Series 71,Drew McIntyre,2019,Mattel > Elite > Elites,Mattel,Elite,Elites,Series 71,Drew McIntyre,2019,http://wrestlingfigurehq.com/images/Mattel/Elite/Series 71/Drew McIntyre.jpg
Elite458,Mattel,Elite,Elites,Series 71,Big Show,2019,Mattel > Elite > Elites,Mattel,Elite,Elites,Series 71,Big Show,2019,http://wrestlingfigurehq.com/images/Mattel/Elite/Series 71/Big Show.jpg
Elite459,Mattel,Elite,Elites,Series 71,Nikki Bella,2019,Mattel > Elite > Elites,Mattel,Elite,Elites,Series 71,Nikki Bella,2019,http://wrestlingfigurehq.com/images/Mattel/Elite/Series 71/Nikki Bella.jpg
Elite460,Mattel,Elite,Elites,Series 71,Nikki Bella (Chase),2019,Mattel > Elite > Elites,Mattel,Elite,Elites,Series 71,Nikki Bella,2019,http://wrestlingfigurehq.com/images/Mattel/Elite/Series 71/Nikki Bella (Chase).jpg
Elite461,Mattel,Elite,Elites,Series 71,John Cena,2019,Mattel > Elite > Elites,Mattel,Elite,Elites,Series 71,John Cena,2019,http://wrestlingfigurehq.com/images/Mattel/Elite/Series 71/John Cena.jpg
Elite462,Mattel,Elite,Elites,Series 71,Jeff Hardy,2019,Mattel > Elite > Elites,Mattel,Elite,Elites,Series 71,Jeff Hardy,2019,http://wrestlingfigurehq.com/images/Mattel/Elite/Series 71/Jeff Hardy.jpg
Elite463,Mattel,Elite,Elites,Series 71,Adam Cole,2019,Mattel > Elite > Elites,Mattel,Elite,Elites,Series 71,Adam Cole,2019,http://wrestlingfigurehq.com/images/Mattel/Elite/Series 71/Adam Cole.jpg
Elite464,Mattel,Elite,Elites,Series 71,Kassius Ohno (Chase),2019,Mattel > Elite > Elites,Mattel,Elite,Elites,Series 71,Kassius Ohno,2019,http://wrestlingfigurehq.com/images/Mattel/Elite/Series 71/Kassius Ohno (Chase).jpg
Elite465,Mattel,Elite,Elites,Series 71,Paige,2019,Mattel > Elite > Elites,Mattel,Elite,Elites,Series 71,Paige,2019,http://wrestlingfigurehq.com/images/Mattel/Elite/Series 71/Paige.jpg
Elite466,Mattel,Elite,Elites,Series 72,Becky Lynch,2020,Mattel > Elite > Elites,Mattel,Elite,Elites,Series 72,Becky Lynch,2020,http://wrestlingfigurehq.com/images/Mattel/Elite/Series 72/Becky Lynch.jpg
Elite467,Mattel,Elite,Elites,Series 72,Batista,2020,Mattel > Elite > Elites,Mattel,Elite,Elites,Series 72,Batista,2020,http://wrestlingfigurehq.com/images/Mattel/Elite/Series 72/Batista.jpg
Elite468,Mattel,Elite,Elites,Series 72,Rey Mysterio,2020,Mattel > Elite > Elites,Mattel,Elite,Elites,Series 72,Rey Mysterio,2020,http://wrestlingfigurehq.com/images/Mattel/Elite/Series 72/Rey Mysterio.jpg
Elite469,Mattel,Elite,Elites,Series 72,Velveteen Dream,2020,Mattel > Elite > Elites,Mattel,Elite,Elites,Series 72,Velveteen Dream,2020,http://wrestlingfigurehq.com/images/Mattel/Elite/Series 72/Velveteen Dream.jpg
Elite470,Mattel,Elite,Elites,Series 72,Roderick Strong,2020,Mattel > Elite > Elites,Mattel,Elite,Elites,Series 72,Roderick Strong,2020,http://wrestlingfigurehq.com/images/Mattel/Elite/Series 72/Roderick Strong.jpg
Elite471,Mattel,Elite,Elites,Series 72,Buddy Murphy,2020,Mattel > Elite > Elites,Mattel,Elite,Elites,Series 72,Buddy Murphy,2020,http://wrestlingfigurehq.com/images/Mattel/Elite/Series 72/Buddy Murphy.jpg
Elite472,Mattel,Elite,Elites,Series 72,Buddy Murphy (Chase),2020,Mattel > Elite > Elites,Mattel,Elite,Elites,Series 72,Buddy Murphy,2020,http://wrestlingfigurehq.com/images/Mattel/Elite/Series 72/Buddy Murphy (Chase).jpg
Elite473,Mattel,Elite,Elites,Series 73,Triple H,2020,Mattel > Elite > Elites,Mattel,Elite,Elites,Series 73,Triple H,2020,http://wrestlingfigurehq.com/images/Mattel/Elite/Series 73/Triple H.jpg
Elite474,Mattel,Elite,Elites,Series 73,Daniel Bryan,2020,Mattel > Elite > Elites,Mattel,Elite,Elites,Series 73,Daniel Bryan,2020,http://wrestlingfigurehq.com/images/Mattel/Elite/Series 73/Daniel Bryan.jpg
Elite475,Mattel,Elite,Elites,Series 73,Aleister Black,2020,Mattel > Elite > Elites,Mattel,Elite,Elites,Series 73,Aleister Black,2020,http://wrestlingfigurehq.com/images/Mattel/Elite/Series 73/Aleister Black.jpg
Elite476,Mattel,Elite,Elites,Series 73,Elias,2020,Mattel > Elite > Elites,Mattel,Elite,Elites,Series 73,Elias,2020,http://wrestlingfigurehq.com/images/Mattel/Elite/Series 73/Elias.jpg
Elite477,Mattel,Elite,Elites,Series 73,Gran Metalik,2020,Mattel > Elite > Elites,Mattel,Elite,Elites,Series 73,Gran Metalik,2020,http://wrestlingfigurehq.com/images/Mattel/Elite/Series 73/Gran Metalik.jpg
Elite478,Mattel,Elite,Elites,Series 73,Gran Metalik (Chase),2020,Mattel > Elite > Elites,Mattel,Elite,Elites,Series 73,Gran Metalik,2020,http://wrestlingfigurehq.com/images/Mattel/Elite/Series 73/Gran Metalik (Chase).jpg
Elite479,Mattel,Elite,Elites,Series 74,Natalya,2019,Mattel > Elite > Elites,Mattel,Elite,Elites,Series 74,Natalya,2019,http://wrestlingfigurehq.com/images/Mattel/Elite/Series 74/Natalya.jpg
Elite480,Mattel,Elite,Elites,Series 74,Finn Balor,2020,Mattel > Elite > Elites,Mattel,Elite,Elites,Series 74,Finn Balor,2020,http://wrestlingfigurehq.com/images/Mattel/Elite/Series 74/Finn Balor.jpg
Elite481,Mattel,Elite,Elites,Series 74,AJ Styles,2020,Mattel > Elite > Elites,Mattel,Elite,Elites,Series 74,AJ Styles,2020,http://wrestlingfigurehq.com/images/Mattel/Elite/Series 74/AJ Styles.jpg
Elite482,Mattel,Elite,Elites,Series 74,Goldberg,2020,Mattel > Elite > Elites,Mattel,Elite,Elites,Series 74,Goldberg,2020,http://wrestlingfigurehq.com/images/Mattel/Elite/Series 74/Goldberg.jpg
Elite483,Mattel,Elite,Elites,Series 74,Andrade,2020,Mattel > Elite > Elites,Mattel,Elite,Elites,Series 74,Andrade,2020,http://wrestlingfigurehq.com/images/Mattel/Elite/Series 74/Andrade.jpg
Elite484,Mattel,Elite,Elites,Series 74,Lince Dorado,2020,Mattel > Elite > Elites,Mattel,Elite,Elites,Series 74,Lince Dorado,2020,http://wrestlingfigurehq.com/images/Mattel/Elite/Series 74/Lince Dorado.jpg
Elite485,Mattel,Elite,Elites,Series 74,Lince Dorado (Chase),2020,Mattel > Elite > Elites,Mattel,Elite,Elites,Series 74,Lince Dorado,2020,http://wrestlingfigurehq.com/images/Mattel/Elite/Series 74/Lince Dorado (Chase).jpg
Elite486,Mattel,Elite,Elites,Series 75,Pete Dunne,2020,Mattel > Elite > Elites,Mattel,Elite,Elites,Series 75,Pete Dunne,2020,http://wrestlingfigurehq.com/images/Mattel/Elite/Series 75/Pete Dunne.jpg
Elite487,Mattel,Elite,Elites,Series 75,Seth Rollins,2020,Mattel > Elite > Elites,Mattel,Elite,Elites,Series 75,Seth Rollins,2020,http://wrestlingfigurehq.com/images/Mattel/Elite/Series 75/Seth Rollins.jpg
Elite488,Mattel,Elite,Elites,Series 75,Jeff Hardy,2020,Mattel > Elite > Elites,Mattel,Elite,Elites,Series 75,Jeff Hardy,2020,http://wrestlingfigurehq.com/images/Mattel/Elite/Series 75/Jeff Hardy.jpg
Elite489,Mattel,Elite,Elites,Series 75,The Hurricane,2020,Mattel > Elite > Elites,Mattel,Elite,Elites,Series 75,The Hurricane,2020,http://wrestlingfigurehq.com/images/Mattel/Elite/Series 75/The Hurricane.jpg
Elite490,Mattel,Elite,Elites,Series 75,The Hurricane (Chase),2020,Mattel > Elite > Elites,Mattel,Elite,Elites,Series 75,The Hurricane,2020,http://wrestlingfigurehq.com/images/Mattel/Elite/Series 75/The Hurricane (Chase).jpg
Elite491,Mattel,Elite,Elites,Series 75,Kalisto,2020,Mattel > Elite > Elites,Mattel,Elite,Elites,Series 75,Kalisto,2020,http://wrestlingfigurehq.com/images/Mattel/Elite/Series 75/Kalisto.jpg
Elite492,Mattel,Elite,Elites,Series 75,Mandy Rose,2020,Mattel > Elite > Elites,Mattel,Elite,Elites,Series 75,Mandy Rose,2020,http://wrestlingfigurehq.com/images/Mattel/Elite/Series 75/Mandy Rose.jpg
Elite493,Mattel,Elite,Elites,Series 76,Otis,2020,Mattel > Elite > Elites,Mattel,Elite,Elites,Series 76,Otis,2020,http://wrestlingfigurehq.com/images/Mattel/Elite/Series 76/Otis.jpg
Elite494,Mattel,Elite,Elites,Series 76,Tucker,2020,Mattel > Elite > Elites,Mattel,Elite,Elites,Series 76,Tucker,2020,http://wrestlingfigurehq.com/images/Mattel/Elite/Series 76/Tucker.jpg
Elite495,Mattel,Elite,Elites,Series 76,John Cena,2020,Mattel > Elite > Elites,Mattel,Elite,Elites,Series 76,John Cena,2020,http://wrestlingfigurehq.com/images/Mattel/Elite/Series 76/John Cena.jpg
Elite496,Mattel,Elite,Elites,Series 76,Lacey Evans,2020,Mattel > Elite > Elites,Mattel,Elite,Elites,Series 76,Lacey Evans,2020,http://wrestlingfigurehq.com/images/Mattel/Elite/Series 76/Lacey Evans.jpg
Elite497,Mattel,Elite,Elites,Series 76,Braun Strowman,2020,Mattel > Elite > Elites,Mattel,Elite,Elites,Series 76,Braun Strowman,2020,http://wrestlingfigurehq.com/images/Mattel/Elite/Series 76/Braun Strowman.jpg
Elite498,Mattel,Elite,Elites,Series 76,Christian,2020,Mattel > Elite > Elites,Mattel,Elite,Elites,Series 76,Christian,2020,http://wrestlingfigurehq.com/images/Mattel/Elite/Series 76/Christian.jpg
Elite499,Mattel,Elite,Elites,Series 76,Christian (Chase),2020,Mattel > Elite > Elites,Mattel,Elite,Elites,Series 76,Christian,2020,http://wrestlingfigurehq.com/images/Mattel/Elite/Series 76/Christian (Chase).jpg
