SKU,Brand,Line,Subline,Series,Figure,Year,Category,Wrestler,images
NXT TakeoverElite1,Mattel,Elite,NXT Takeover,Series 1,Bayley,2017,Mattel > Elite > NXT Takeover,Bayley,http://wrestlingfigurehq.com/images/Mattel/Elite/NXT/bayley.jpg
NXT TakeoverElite2,Mattel,Elite,NXT Takeover,Series 1,Austin Aries,2017,Mattel > Elite > NXT Takeover,Austin Aries,
NXT TakeoverElite3,Mattel,Elite,NXT Takeover,Series 1,No Way Jose,2017,Mattel > Elite > NXT Takeover,No Way Jose,
NXT TakeoverElite4,Mattel,Elite,NXT Takeover,Series 1,Seth Rollins,2017,Mattel > Elite > NXT Takeover,Seth Rollins,
NXT TakeoverElite5,Mattel,Elite,NXT Takeover,Series 2,Shinsuke Nakamura,2017,Mattel > Elite > NXT Takeover,Shinsuke Nakamura,
NXT TakeoverElite6,Mattel,Elite,NXT Takeover,Series 2,Asuka,2017,Mattel > Elite > NXT Takeover,Asuka,
NXT TakeoverElite7,Mattel,Elite,NXT Takeover,Series 2,Scott Dawson,2017,Mattel > Elite > NXT Takeover,Scott Dawson,
NXT TakeoverElite8,Mattel,Elite,NXT Takeover,Series 2,Dash Wilder,2017,Mattel > Elite > NXT Takeover,Dash Wilder,
NXT TakeoverElite9,Mattel,Elite,NXT Takeover,Series 3,Alexander Rusev,2018,Mattel > Elite > NXT Takeover,Alexander Rusev,
NXT TakeoverElite10,Mattel,Elite,NXT Takeover,Series 3,Roman Reigns,2018,Mattel > Elite > NXT Takeover,Roman Reigns,
NXT TakeoverElite11,Mattel,Elite,NXT Takeover,Series 3,Bobby Roode,2018,Mattel > Elite > NXT Takeover,Bobby Roode,
NXT TakeoverElite12,Mattel,Elite,NXT Takeover,Series 3,Ember Moon,2018,Mattel > Elite > NXT Takeover,Ember Moon,
NXT TakeoverElite13,Mattel,Elite,NXT Takeover,Series 4,Killian Dain,2019,Mattel > Elite > NXT Takeover,Killian Dain,
NXT TakeoverElite14,Mattel,Elite,NXT Takeover,Series 4,Aleister Black,2019,Mattel > Elite > NXT Takeover,Aleister Black,
NXT TakeoverElite15,Mattel,Elite,NXT Takeover,Series 4,Ruby Riott,2019,Mattel > Elite > NXT Takeover,Ruby Riott,
NXT TakeoverElite16,Mattel,Elite,NXT Takeover,Series 4,Drew McIntyre,2019,Mattel > Elite > NXT Takeover,Drew McIntyre,
Retrofest1,Mattel,Elite,Retrofest,,Shawn Michaels,2018,Mattel > Elite > Retrofest,Shawn Michaels,
Retrofest2,Mattel,Elite,Retrofest,,Macho Man Randy Savage,2018,Mattel > Elite > Retrofest,Macho Man Randy Savage,
Retrofest3,Mattel,Elite,Retrofest,,Honky Tonk Man,2018,Mattel > Elite > Retrofest,Honky Tonk Man,
Retrofest4,Mattel,Elite,Retrofest,,Hacksaw Jim Duggan,2018,Mattel > Elite > Retrofest,Hacksaw Jim Duggan,
Retrofest5,Mattel,Elite,Retrofest,,Ric Flair,2018,Mattel > Elite > Retrofest,Ric Flair,
Retrofest6,Mattel,Elite,Retrofest,,Mr. Perfect,2019,Mattel > Elite > Retrofest,Mr. Perfect,
Retrofest7,Mattel,Elite,Retrofest,,Iron Sheik,2019,Mattel > Elite > Retrofest,Iron Sheik,
FanCentElite1,Mattel,Elite,WWE Fan Central,,Mark Henry,2018,Mattel > Elite > WWE Fan Central,Mark Henry,
FanCentElite2,Mattel,Elite,WWE Fan Central,,Triple H,2018,Mattel > Elite > WWE Fan Central,Triple H,
FanCentElite3,Mattel,Elite,WWE Fan Central,,Big Show,2018,Mattel > Elite > WWE Fan Central,Big Show,
FanCentElite4,Mattel,Elite,WWE Fan Central,,Bobby Heenan,2018,Mattel > Elite > WWE Fan Central,Bobby Heenan,
FanCentElite5,Mattel,Elite,WWE Fan Central,,Carmella,2018,Mattel > Elite > WWE Fan Central,Carmella,
FanCentElite6,Mattel,Elite,WWE Fan Central,,Mojo Rawley,2018,Mattel > Elite > WWE Fan Central,Mojo Rawley,
FanCentElite7,Mattel,Elite,WWE Fan Central,,Daniel Bryan,2018,Mattel > Elite > WWE Fan Central,Daniel Bryan,
FanCentElite8,Mattel,Elite,WWE Fan Central,,Akira Tozawa,2018,Mattel > Elite > WWE Fan Central,Akira Tozawa,
Elite500,Mattel,Elite,All Stars 2-Packs,,Macho Man and John Morrison,2011,Mattel > Elite > Specials,"Macho Man, John Morrison",
Elite501,Mattel,Elite,All Stars 2-Packs,,CM Punk and Steve Austin,2011,Mattel > Elite > Specials,"CM Punk, Steve Austin",
Elite502,Mattel,Elite,All Stars 2-Packs,,Jake the Snake Roberts and Randy Orton,2011,Mattel > Elite > Specials,"Jake the Snake Roberts, Randy Orton",
MAT1669,Mattel,Elite,PPV Wrestlemania XXX,,Kane (Corporate Suit),2014,Mattel > Elite > Specials,Kane,
MAT1670,Mattel,Elite,PPV Wrestlemania XXX,,Undertaker (Build A Figure Corporate Suit Kane),2014,Mattel > Elite > Specials,Undertaker,
MAT1671,Mattel,Elite,PPV Wrestlemania XXX,,Bray Wyatt (Build A Figure Corporate Suit Kane),2014,Mattel > Elite > Specials,Bray Wyatt,
MAT1672,Mattel,Elite,PPV Wrestlemania XXX,,Daniel Bryan (Build A Figure Corporate Suit Kane),2014,Mattel > Elite > Specials,Daniel Bryan,
MAT1673,Mattel,Elite,PPV Wrestlemania XXX,,John Cena (Build A Figure Corporate Suit Kane),2014,Mattel > Elite > Specials,John Cena,
Elite503,Mattel,Elite,Best of PPV 2011,,Ricardo Rodriguez (Build a Figure),2011,"Mattel > Elite > ""Best of""",Ricardo Rodriguez,
Elite504,Mattel,Elite,Best of PPV 2011,,CM Punk (Build A Figure Ricardo Rodriguez),2011,"Mattel > Elite > ""Best of""",CM Punk ,
Elite505,Mattel,Elite,Best of PPV 2011,,Big Show (Build A Figure Ricardo Rodriguez),2011,"Mattel > Elite > ""Best of""",Big Show,
Elite506,Mattel,Elite,Best of PPV 2011,,The Miz (Build A Figure Ricardo Rodriguez),2011,"Mattel > Elite > ""Best of""",The Miz ,
Elite507,Mattel,Elite,Best of PPV 2011,,Shawn Michaels (Build A Figure Ricardo Rodriguez),2011,"Mattel > Elite > ""Best of""",Shawn Michaels  ,
Elite508,Mattel,Elite,Best of PPV 2012,,Michael Cole (Build A Figure),2012,"Mattel > Elite > ""Best of""",Michael Cole ,
Elite509,Mattel,Elite,Best of PPV 2012,,Triple H (Build A Figure Michael Cole),2012,"Mattel > Elite > ""Best of""",Triple H,
Elite510,Mattel,Elite,Best of PPV 2012,,Daniel Bryan (Build A Figure Michael Cole),2012,"Mattel > Elite > ""Best of""",Daniel Bryan,
Elite511,Mattel,Elite,Best of PPV 2012,,Bret Hart (Build A Figure Michael Cole),2012,"Mattel > Elite > ""Best of""",Bret Hart,
Elite512,Mattel,Elite,Best of PPV 2012,,John Cena (Build A Figure Michael Cole),2012,"Mattel > Elite > ""Best of""",John Cena,
Elite513,Mattel,Elite,Best of PPV 2012,,John Laurinaitis (Build a Figure),2012,"Mattel > Elite > ""Best of""",John Laurinaitis,
Elite514,Mattel,Elite,Best of PPV 2012,,Sheamus (Build A Figure John Laurinaitis),2012,"Mattel > Elite > ""Best of""",Sheamus,
Elite515,Mattel,Elite,Best of PPV 2012,,Sin Cara (Build A Figure John Laurinaitis),2012,"Mattel > Elite > ""Best of""",Sin Cara,
Elite516,Mattel,Elite,Best of PPV 2012,,John Cena (Build A Figure John Laurinaitis),2012,"Mattel > Elite > ""Best of""",John Cena,
Elite517,Mattel,Elite,Best of PPV 2012,,Christian (Build A Figure John Laurinaitis),2012,"Mattel > Elite > ""Best of""",Christian,
Elite518,Mattel,Elite,Best of PPV 2013,,Paul Heyman (Build a Figure),2013,"Mattel > Elite > ""Best of""",Paul Heyman,
Elite519,Mattel,Elite,Best of PPV 2013,,CM Punk (Build A Figure Paul Heyman),2013,"Mattel > Elite > ""Best of""",CM Punk,
Elite520,Mattel,Elite,Best of PPV 2013,,Brock Lesnar (Build A Figure Paul Heyman),2013,"Mattel > Elite > ""Best of""",Brock Lesnar,
Elite521,Mattel,Elite,Best of PPV 2013,,Daniel Bryan (Build A Figure Paul Heyman),2013,"Mattel > Elite > ""Best of""",Daniel Bryan,
Elite522,Mattel,Elite,Best of PPV 2013,,John Cena (Build A Figure Paul Heyman),2013,"Mattel > Elite > ""Best of""",John Cena,
MAT1659,Mattel,Elite,Best of PPV 2014,,Jim Ross (Build a Figure),2014,"Mattel > Elite > ""Best of""",Jim Ross,
MAT1660,Mattel,Elite,Best of PPV 2014,,Curtis Axel (Build A Figure Jim Ross),2014,"Mattel > Elite > ""Best of""",Curtis Axel,
MAT1661,Mattel,Elite,Best of PPV 2014,,Alberto Del Rio (Build A Figure Jim Ross),2014,"Mattel > Elite > ""Best of""",Alberto Del Rio,
MAT1662,Mattel,Elite,Best of PPV 2014,,CM Punk (Build A Figure Jim Ross),2014,"Mattel > Elite > ""Best of""",CM Punk,
MAT1663,Mattel,Elite,Best of PPV 2014,,Randy Orton (Build A Figure Jim Ross),2014,"Mattel > Elite > ""Best of""",Randy Orton,
Elite38,Mattel,Elite,Best of 2010,,John Cena,2010,"Mattel > Elite > ""Best of""",John Cena,
Elite39,Mattel,Elite,Best of 2010,,Kane,2010,"Mattel > Elite > ""Best of""",Kane,
Elite40,Mattel,Elite,Best of 2010,,Randy Orton,2010,"Mattel > Elite > ""Best of""",Randy Orton,
Elite41,Mattel,Elite,Best of 2010,,Rey Mysterio,2010,"Mattel > Elite > ""Best of""",Rey Mysterio,
Elite42,Mattel,Elite,Best of 2010,,Triple H,2010,"Mattel > Elite > ""Best of""",Triple H,
Elite43,Mattel,Elite,Best of 2010,,Undertaker,2010,"Mattel > Elite > ""Best of""",Undertaker,
Elite68,Mattel,Elite,Best of 2011,,John Cena,2011,"Mattel > Elite > ""Best of""",John Cena,
Elite69,Mattel,Elite,Best of 2011,,John Morrison,2011,"Mattel > Elite > ""Best of""",John Morrison,
Elite70,Mattel,Elite,Best of 2011,,Randy Orton,2011,"Mattel > Elite > ""Best of""",Randy Orton,
Elite71,Mattel,Elite,Best of 2011,,Rey Mysterio,2011,"Mattel > Elite > ""Best of""",Rey Mysterio,
Elite72,Mattel,Elite,Best of 2011,,Sheamus,2011,"Mattel > Elite > ""Best of""",Sheamus,
EliteHOF1,Mattel,Elite,Hall of Fame,,Trish Stratus,2015,Mattel > Elite > Hall of Fame,Trish Stratus,http://wrestlingfigurehq.com/images/Mattel/Elite/Specials/trishhof.jpg
EliteHOF2,Mattel,Elite,Hall of Fame,,Ultimate Warrior,2015,Mattel > Elite > Hall of Fame,Ultimate Warrior,
EliteHOF3,Mattel,Elite,Hall of Fame,,Sgt. Slaughter,2015,Mattel > Elite > Hall of Fame,Sgt. Slaughter,
EliteHOF4,Mattel,Elite,Hall of Fame,,Steve Austin,2015,Mattel > Elite > Hall of Fame,Steve Austin,
EliteHOF5,Mattel,Elite,Hall of Fame,,Eddie Guerrero,2015,Mattel > Elite > Hall of Fame,Eddie Guerrero,
EliteHOF6,Mattel,Elite,Hall of Fame,,Hulk Hogan,2015,Mattel > Elite > Hall of Fame,Hulk Hogan,
EliteHOF7,Mattel,Elite,Hall of Fame,,Tito Santana,2015,Mattel > Elite > Hall of Fame,Tito Santana,
EliteHOF8,Mattel,Elite,Hall of Fame,,Yokozuna,2015,Mattel > Elite > Hall of Fame,Yokozuna,
EliteHOF9,Mattel,Elite,Hall of Fame,4-Pack,"Four Horseman (Natur Boy Ric Flair, Barry Windham, Arn Anderson, Tully Blanchard)",2017,Mattel > Elite > Hall of Fame,,
EliteHOF10,Mattel,Elite,Hall of Fame,,Mouth of the South Jimmy Hart,2016,Mattel > Elite > Hall of Fame,Mouth of the South Jimmy Hart,
EliteHOF11,Mattel,Elite,Hall of Fame,,Million Dollar Man Ted Dibiase,2016,Mattel > Elite > Hall of Fame,Million Dollar Man Ted Dibiase,
EliteHOF12,Mattel,Elite,Hall of Fame,,Cactus Jack,2016,Mattel > Elite > Hall of Fame,Cactus Jack,
EliteHOF13,Mattel,Elite,Hall of Fame,,Macho King Macho Man Randy Savage,2016,Mattel > Elite > Hall of Fame,Macho King Macho Man Randy Savage,
EliteHOF14,Mattel,Elite,Hall of Fame,4-Pack,"Andre the Gian, Bobby the Brain Heenan, Mr. Perfect, Big John Studd)",2016,Mattel > Elite > Hall of Fame,,
EliteHOF14a,Mattel,Elite,Hall of Fame,4-Pack,"Larry Zybysko, Scott Hall, Kevin Nash, Eddie Guerrero",2016,Mattel > Elite > Hall of Fame,,
EliteHOF15,Mattel,Elite,Hall of Fame,Series 4,Edge,2016,Mattel > Elite > Hall of Fame,Edge,
EliteHOF16,Mattel,Elite,Hall of Fame,Series 4,Sting,2016,Mattel > Elite > Hall of Fame,Sting,
EliteHOF17,Mattel,Elite,Hall of Fame,Series 4,King Booker,2016,Mattel > Elite > Hall of Fame,King Booker,
EliteHOF18,Mattel,Elite,Hall of Fame,Series 4,Jerry the King Lawler,2016,Mattel > Elite > Hall of Fame,Jerry the King Lawler,
EliteHOF20,Mattel,Elite,Hall of Fame,Series 5,Diesel,,Mattel > Elite > Hall of Fame,Diesel,
EliteHOF21,Mattel,Elite,Hall of Fame,Series 5,Roddy Piper,,Mattel > Elite > Hall of Fame,Roddy Piper,
EliteHOF22,Mattel,Elite,Hall of Fame,Series 5,Jake the Snake Roberts,,Mattel > Elite > Hall of Fame,Jake the Snake Roberts,
EliteHOF23,Mattel,Elite,Hall of Fame,Series 5,George the Animal Steele,,Mattel > Elite > Hall of Fame,George the Animal Steele,
EliteHOF24,Mattel,Elite,Hall of Fame,Hall of Fame 2-Pack,Wild Samoans (Afa and Sika),2015,Mattel > Elite > Hall of Fame,Wild Samoans (Afa and Sika),
EliteHOF25,Mattel,Elite,Hall of Fame,Hall of Fame 2-Pack,Papa Shango and Ultimate Warrior,2015,Mattel > Elite > Hall of Fame,Papa Shango and Ultimate Warrior,
EliteTNF1,Mattel,Elite,WWE Then Now Forever,,Tyler Breeze,2016,Mattel > Elite > WWE Then Now Forever,Tyler Breeze,
EliteTNF2,Mattel,Elite,WWE Then Now Forever,,The Rock,2016,Mattel > Elite > WWE Then Now Forever,The Rock,
EliteTNF3,Mattel,Elite,WWE Then Now Forever,,Rusev,2016,Mattel > Elite > WWE Then Now Forever,Rusev,
EliteTNF4,Mattel,Elite,WWE Then Now Forever,,Bam Bam Bigelow,2016,Mattel > Elite > WWE Then Now Forever,Bam Bam Bigelow,
EliteTNF5,Mattel,Elite,WWE Then Now Forever,,Typhoon,2017,Mattel > Elite > WWE Then Now Forever,Typhoon,
EliteTNF6,Mattel,Elite,WWE Then Now Forever,,Earthquake,2017,Mattel > Elite > WWE Then Now Forever,Earthquake,
EliteTNF7,Mattel,Elite,WWE Then Now Forever,,Sami Zayn,2017,Mattel > Elite > WWE Then Now Forever,Sami Zayn,
EliteTNF8,Mattel,Elite,WWE Then Now Forever,,Macho Man,2017,Mattel > Elite > WWE Then Now Forever,Macho Man,
EliteTNF9,Mattel,Elite,WWE Then Now Forever,,Jason Jordan,2017,Mattel > Elite > WWE Then Now Forever,Jason Jordan,
EliteTNF10,Mattel,Elite,WWE Then Now Forever,,Chad Gable,2017,Mattel > Elite > WWE Then Now Forever,Chad Gable,
EliteTNF11,Mattel,Elite,WWE Then Now Forever,,Seth Rollins,2017,Mattel > Elite > WWE Then Now Forever,Seth Rollins,
EliteTNF12,Mattel,Elite,WWE Then Now Forever,,Miss Elizabeth,2017,Mattel > Elite > WWE Then Now Forever,Miss Elizabeth,
EliteTNF13,Mattel,Elite,WWE Then Now Forever,3-Pack,"Bash at the Beach (Macho Man Randy Savage, Sting, Lex Luger)",2016,Mattel > Elite > WWE Then Now Forever,,http://wrestlingfigurehq.com/images/Mattel/Elite/Specials/bashtnf.jpg
EliteTNF14,Mattel,Elite,WWE Then Now Forever,3-Pack,"Shield (Seth Rollins, Dean Ambrose, Roman Reigns)",2015,Mattel > Elite > WWE Then Now Forever,,
EliteFB1,Mattel,Elite,Flashback,,Mean Gene Okerlund,2017,Mattel > Elite > Flashback,Mean Gene Okerlund,
EliteFB2,Mattel,Elite,Flashback,,Syxx,2017,Mattel > Elite > Flashback,Syxx,
EliteFB3,Mattel,Elite,Flashback,,Yokozuna,2017,Mattel > Elite > Flashback,Yokozuna,
EliteFB4,Mattel,Elite,Flashback,,Ultimate Warrior,2017,Mattel > Elite > Flashback,Ultimate Warrior,
EliteFB5,Mattel,Elite,Flashback,,Shawn Michaels,2017,Mattel > Elite > Flashback,Shawn Michaels,
EliteFB6,Mattel,Elite,Flashback,,Doink The Clown,2017,Mattel > Elite > Flashback,Doink The Clown,
EliteFB7,Mattel,Elite,Flashback,,Alundra Blayze,2017,Mattel > Elite > Flashback,Alundra Blayze,
EliteFB8,Mattel,Elite,Flashback,,Razor Ramon,2017,Mattel > Elite > Flashback,Razor Ramon,
EliteFB9,Mattel,Elite,Flashback,,Stone Cold Steve Austin,2017,Mattel > Elite > Flashback,Stone Cold Steve Austin,
EliteFB10,Mattel,Elite,Flashback,,Jake the Snake Roberts,2017,Mattel > Elite > Flashback,Jake the Snake Roberts,
EliteFB11,Mattel,Elite,Flashback,,Ricky the Dragon Steamboat,2017,Mattel > Elite > Flashback,Ricky the Dragon Steamboat,
EliteFB12,Mattel,Elite,Flashback,,Harley Race,2017,Mattel > Elite > Flashback,Harley Race,
EliteHOC1,Mattel,Elite,Hall of Champions,Battle Pack,Dean Ambrose and The Miz,2018,Mattel > Elite >Hall of Champions,,
EliteHOC2,Mattel,Elite,Hall of Champions,Battle Pack,Batista and John Cena,2018,Mattel > Elite >Hall of Champions,,
EliteHOC3,Mattel,Elite,Hall of Champions,Battle Pack,Dash Wilder and Scott Dawson,2018,Mattel > Elite >Hall of Champions,,
EliteHOC4,Mattel,Elite,Hall of Champions,Battle Pack,"Bret ""The Hitman"" Hart and Shawn Michaels",2018,Mattel > Elite >Hall of Champions,,
EliteHOC5,Mattel,Elite,Hall of Champions,,Eddie Guerrero,2018,Mattel > Elite >Hall of Champions,Eddie Guerrero,
EliteHOC6,Mattel,Elite,Hall of Champions,,Undertaker,2018,Mattel > Elite >Hall of Champions,Undertaker,
EliteHOC7,Mattel,Elite,Hall of Champions,,Rikishi,2018,Mattel > Elite >Hall of Champions,Rikishi,
EliteHOC8,Mattel,Elite,Hall of Champions,,Batista,2018,Mattel > Elite >Hall of Champions,Batista,
EliteHOC9,Mattel,Elite,Hall of Champions,,Ron Simmons,2018,Mattel > Elite >Hall of Champions,Ron Simmons,
EliteHOC10,Mattel,Elite,Hall of Champions,,Kane,2018,Mattel > Elite >Hall of Champions,Kane,
EliteHOC11,Mattel,Elite,Hall of Champions,,Tommaso Ciampa,2018,Mattel > Elite >Hall of Champions,Tommaso Ciampa,
EliteHOC12,Mattel,Elite,Hall of Champions,,Johnny Gargano,2018,Mattel > Elite >Hall of Champions,Johnny Gargano,
EliteHOC13,Mattel,Elite,Hall of Champions,,Road Dogg,2018,Mattel > Elite >Hall of Champions,Road Dogg,
EliteHOC14,Mattel,Elite,Hall of Champions,,Billy Gunn,2018,Mattel > Elite >Hall of Champions,Billy Gunn,
EliteHOC15,Mattel,Elite,Hall of Champions,,Paul Bearer,2018,Mattel > Elite >Hall of Champions,Paul Bearer,
EliteHOC16,Mattel,Elite,Hall of Champions,,Ultimate Warrior,2018,Mattel > Elite >Hall of Champions,Ultimate Warrior,
EliteNSpot1,Mattel,Elite,WWE Network Spotlight,,Hunter Hearst Helmsley (Triple H),2015,Mattel > Elite > WWE Network Spotlight,Triple H,
EliteNSpot2,Mattel,Elite,WWE Network Spotlight,,Big Boss Man,2015,Mattel > Elite > WWE Network Spotlight,Big Boss Man,
EliteNSpot3,Mattel,Elite,WWE Network Spotlight,,Shawn Michaels,2015,Mattel > Elite > WWE Network Spotlight,Shawn Michaels,
EliteNSpot4,Mattel,Elite,WWE Network Spotlight,,Ringmaster Steve Austin,2015,Mattel > Elite > WWE Network Spotlight,Stone Cold Steve Austin,
EliteNSpot5,Mattel,Elite,WWE Network Spotlight,,Roman Reigns,2015,Mattel > Elite > WWE Network Spotlight,Roman Reigns,
EliteNSpot6,Mattel,Elite,WWE Network Spotlight,,AJ Styles,2015,Mattel > Elite > WWE Network Spotlight,AJ Styles,
EliteNSpot7,Mattel,Elite,WWE Network Spotlight,,Bayley,2015,Mattel > Elite > WWE Network Spotlight,Bayley,
EliteNSpot8,Mattel,Elite,WWE Network Spotlight,,Vince McMahon,2015,Mattel > Elite > WWE Network Spotlight,Vince McMahon,
EliteNSpot9,Mattel,Elite,WWE Network Spotlight,,Undertaker,2015,Mattel > Elite > WWE Network Spotlight,Undertaker,
EliteNSpot10,Mattel,Elite,WWE Network Spotlight,,Finn Balor,2015,Mattel > Elite > WWE Network Spotlight,Finn Balor,
EliteNSpot11,Mattel,Elite,WWE Network Spotlight,,Dean Ambrose,2015,Mattel > Elite > WWE Network Spotlight,Dean Ambrose,
EliteNSpot12,Mattel,Elite,WWE Network Spotlight,,TJ Perkins,2015,Mattel > Elite > WWE Network Spotlight,TJ Perkins,
EliteNSpot13,Mattel,Elite,WWE Network Spotlight,,Asuka,2019,Mattel > Elite > WWE Network Spotlight,Asuka,
EliteNSpot14,Mattel,Elite,WWE Network Spotlight,,Jinder Mahal,2019,Mattel > Elite > WWE Network Spotlight,Jinder Mahal,
EliteNSpot15,Mattel,Elite,WWE Network Spotlight,,Diesel,2019,Mattel > Elite > WWE Network Spotlight,Diesel,
EliteNSpot16,Mattel,Elite,WWE Network Spotlight,,Rey Mysterio,2019,Mattel > Elite > WWE Network Spotlight,Rey Mysterio,
EliteNSpot17,Mattel,Elite,WWE Network Spotlight,,Ricochet,2020,Mattel > Elite > WWE Network Spotlight,Ricochet,
EliteNSpot18,Mattel,Elite,WWE Network Spotlight,,Wendi Richter,2020,Mattel > Elite > WWE Network Spotlight,Wendi Richter,
EliteNSpot19,Mattel,Elite,WWE Network Spotlight,,Matt Hardy,2020,Mattel > Elite > WWE Network Spotlight,Matt Hardy,
EliteNSpot20,Mattel,Elite,WWE Network Spotlight,,Kurt Angle,2020,Mattel > Elite > WWE Network Spotlight,Kurt Angle,
EliteSslam1,Mattel,Elite,Summerslam,,Finn Balor,2017,Mattel > Elite > Summerslam,Finn Balor,
EliteSslam2,Mattel,Elite,Summerslam,,Mankind,2017,Mattel > Elite > Summerslam,Mankind,
EliteSslam3,Mattel,Elite,Summerslam,,Matt Hardy,2018,Mattel > Elite > Summerslam,Matt Hardy,
EliteSslam4,Mattel,Elite,Summerslam,,Edge,2018,Mattel > Elite > Summerslam,Edge,
EliteSslam5,Mattel,Elite,Summerslam,,Seth Rollins,2018,Mattel > Elite > Summerslam,Seth Rollins,
EliteSslam6,Mattel,Elite,Summerslam,,Dean Ambrose,2018,Mattel > Elite > Summerslam,Dean Ambrose,
EliteWM1,Mattel,Elite,Wrestlemania,Wrestlemania 26,Undertaker,2010,Mattel > Elite > Wrestlemania,Undertaker,
EliteWM2,Mattel,Elite,Wrestlemania,Wrestlemania 26,Triple H,2010,Mattel > Elite > Wrestlemania,Triple H,
EliteWM3,Mattel,Elite,Wrestlemania,Wrestlemania 26,Jack Swagger,2010,Mattel > Elite > Wrestlemania,Jack Swagger,
EliteWM4,Mattel,Elite,Wrestlemania,Wrestlemania 26,Rey Mysterio,2010,Mattel > Elite > Wrestlemania,Rey Mysterio,
EliteWM5,Mattel,Elite,Wrestlemania,Wrestlemania 27,Undertaker,2011,Mattel > Elite > Wrestlemania,Undertaker,
EliteWM6,Mattel,Elite,Wrestlemania,Wrestlemania 27,Kofi Kingston,2011,Mattel > Elite > Wrestlemania,Kofi Kingston,
EliteWM7,Mattel,Elite,Wrestlemania,Wrestlemania 27,The Miz,2011,Mattel > Elite > Wrestlemania,The Miz,
EliteWM8,Mattel,Elite,Wrestlemania,Wrestlemania 27,Stone Cold Steve Austin,2011,Mattel > Elite > Wrestlemania,Stone Cold Steve Austin,
EliteWM9,Mattel,Elite,Wrestlemania,Wrestlemania 27,The Rock,2011,Mattel > Elite > Wrestlemania,The Rock,
EliteWM10,Mattel,Elite,Wrestlemania,Wrestlemania XXX,"Bret ""The Hitman"" Hart",2014,Mattel > Elite > Wrestlemania,"Bret ""The Hitman"" Hart",
EliteWM11,Mattel,Elite,Wrestlemania,Wrestlemania XXX,Shawn Michaels (hairy stomach),2014,Mattel > Elite > Wrestlemania,Shawn Michaels,
EliteWM12,Mattel,Elite,Wrestlemania,Wrestlemania XXX,Shawn Michaels (bare stomach),2014,Mattel > Elite > Wrestlemania,Shawn Michaels,
EliteWM13,Mattel,Elite,Wrestlemania,Wrestlemania 31,Undertaker ,2015,Mattel > Elite > Wrestlemania,Undertaker,
EliteWM14,Mattel,Elite,Wrestlemania,Wrestlemania 31,Kane,2015,Mattel > Elite > Wrestlemania,Kane,
EliteWM15,Mattel,Elite,Wrestlemania,Wrestlemania 32,Brock Lesnar,2016,Mattel > Elite > Wrestlemania,Brock Lesnar,
EliteWM16,Mattel,Elite,Wrestlemania,Wrestlemania 32,Undertaker,2016,Mattel > Elite > Wrestlemania,Undertaker,
EliteWM17,Mattel,Elite,Wrestlemania,Wrestlemania 33,Triple H,2016,Mattel > Elite > Wrestlemania,Triple H,
EliteWM18,Mattel,Elite,Wrestlemania,Wrestlemania 33,Shawn Michaels,2016,Mattel > Elite > Wrestlemania,Shawn Michaels,
EliteWM19,Mattel,Elite,Wrestlemania,Wrestlemania 34,John Cena,2017,Mattel > Elite > Wrestlemania,John Cena,
EliteWM20,Mattel,Elite,Wrestlemania,Wrestlemania 34,Randy Orton,2017,Mattel > Elite > Wrestlemania,Randy Orton,
EliteWM21,Mattel,Elite,Wrestlemania,Wrestlemania 34,Brutus the Barber Beefcake,2017,Mattel > Elite > Wrestlemania,Brutus the Barber Beefcake,
EliteWM22,Mattel,Elite,Wrestlemania,Wrestlemania 34,Kevin Owens,2017,Mattel > Elite > Wrestlemania,Kevin Owens,
EliteWM23,Mattel,Elite,Wrestlemania,Wrestlemania 35,Undertaker,2018,Mattel > Elite > Wrestlemania,Undertaker,
EliteWM24,Mattel,Elite,Wrestlemania,Wrestlemania 35,Scott Hall,2018,Mattel > Elite > Wrestlemania,Scott Hall,
EliteWM25,Mattel,Elite,Wrestlemania,Wrestlemania 35,Sasha Banks,2018,Mattel > Elite > Wrestlemania,Sasha Banks,
EliteWM26,Mattel,Elite,Wrestlemania,Wrestlemania 35,Triple H,2018,Mattel > Elite > Wrestlemania,Triple H,
EliteSseries1,Mattel,Elite,Survivor Series,,Bobby Roode,2018,Mattel > Elite > Survivor Series,Bobby Roode,
EliteSseries2,Mattel,Elite,Survivor Series,,AJ Styles,2018,Mattel > Elite > Survivor Series,AJ Styles,
EliteSseries3,Mattel,Elite,Survivor Series,,Alexa Bliss,2018,Mattel > Elite > Survivor Series,Alexa Bliss,
EliteSseries4,Mattel,Elite,Survivor Series,,Don Muraco,2019,Mattel > Elite > Survivor Series,Don Muraco,
EliteSseries5,Mattel,Elite,Survivor Series,,Alicia Fox,2019,Mattel > Elite > Survivor Series,Alicia Fox,
EliteSseries6,Mattel,Elite,Survivor Series,,Jeff Hardy,2019,Mattel > Elite > Survivor Series,Jeff Hardy,
EliteSseries7,Mattel,Elite,Survivor Series,,Shinsuke Nakamura,2019,Mattel > Elite > Survivor Series,Shinsuke Nakamura,
EliteSDCC1,Mattel,Elite,Exclusives,San Diego Comic Con (SDCC),Undertaker (Ministry),2010,Mattel > Elite > Exclusives,Undertaker (Ministry),
EliteSDCC2,Mattel,Elite,Exclusives,San Diego Comic Con (SDCC),Shockmaster,2016,Mattel > Elite > Exclusives,Shockmaster,
EliteSDCC3,Mattel,Elite,Exclusives,San Diego Comic Con (SDCC),Isaac Yankem,2017,Mattel > Elite > Exclusives,Isaac Yankem,
EliteSDCC4,Mattel,Elite,Exclusives,San Diego Comic Con (SDCC),Macho Man Randy Savage (Slim Jim),2019,Mattel > Elite > Exclusives,Macho Man Randy Savage,
EliteTRU1,Mattel,Elite,Exclusives,Toys R Us (TRU),Mr. McMahon (Mailaway),2011,Mattel > Elite > Exclusives,Mr. McMahon,
EliteTRU2,Mattel,Elite,Exclusives,Toys R Us (TRU),Triple H (COO) Mailaway,2012,Mattel > Elite > Exclusives,Triple H,
EliteTRU3,Mattel,Elite,Exclusives,Toys R Us (TRU),The Rock (Big Book),2011,Mattel > Elite > Exclusives,The Rock,
EliteTRU4,Mattel,Elite,Exclusives,Toys R Us (TRU),Undertaker (Big Book),2012,Mattel > Elite > Exclusives,Undertaker,
EliteTRU5,Mattel,Elite,Exclusives,Toys R Us (TRU),Triple H (Big Book),2013,Mattel > Elite > Exclusives,Triple H,
EliteTRU6,Mattel,Elite,Exclusives,Toys R Us (TRU),Brock Lesnar (Big Book),2014,Mattel > Elite > Exclusives,Brock Lesnar,
EliteTRU7,Mattel,Elite,Exclusives,Toys R Us (TRU),Undertaker (20-0),2013,Mattel > Elite > Exclusives,Undertaker,
EliteTRU8,Mattel,Elite,Exclusives,Toys R Us (TRU),Brock Lesnar (21-1),2014,Mattel > Elite > Exclusives,Brock Lesnar,
EliteTRU9,Mattel,Elite,Exclusives,Toys R Us (TRU),Seth Rollins (WM 31),2015,Mattel > Elite > Exclusives,Seth Rollins,
EliteTRU10,Mattel,Elite,Exclusives,Toys R Us (TRU),Virgil,2015,Mattel > Elite > Exclusives,Virgil,
EliteTRU11,Mattel,Elite,Exclusives,Toys R Us (TRU),John Cena (Debut),2015,Mattel > Elite > Exclusives,John Cena,
EliteAmz1,Mattel,Elite,Exclusives,Amazon,Mankind (Debut),2014,Mattel > Elite > Exclusives,Mankind,
EliteAmz2,Mattel,Elite,Exclusives,Amazon,Farooq and The Rock,2016,Mattel > Elite > Exclusives,,
EliteAmz3,Mattel,Elite,Exclusives,Amazon,Andre The Giant,2017,Mattel > Elite > Exclusives,Andre The Giant,
EliteAmz4,Mattel,Elite,Exclusives,Amazon,Stone Cold Steve Austin,2018,Mattel > Elite > Exclusives,Stone Cold Steve Austin,
EliteAmz5,Mattel,Elite,Exclusives,Amazon,Chris Jericho,2018,Mattel > Elite > Exclusives,Chris Jericho,
EliteAmz6,Mattel,Elite,Exclusives,Amazon,The Rock,2018,Mattel > Elite > Exclusives,The Rock,
EliteAmz7,Mattel,Elite,Exclusives,Amazon,Triple H (HHH),2018,Mattel > Elite > Exclusives,Triple H (HHH),
EliteTRU12,Mattel,Elite,Exclusives,Toys R Us (TRU),"Booty O's (Kofi Kingston, Xavier Woods, Big E)",2017,Mattel > Elite > Exclusives,"Booty O's (Kofi Kingston, Xavier Woods, Big E)",
EliteWG1,Mattel,Elite,Exclusives,Walgreens,Shawn Michaels,2016,Mattel > Elite > Exclusives,Shawn Michaels,
EliteWG2,Mattel,Elite,Exclusives,Walgreens,Triple H,2017,Mattel > Elite > Exclusives,Triple H,
EliteWG3,Mattel,Elite,Exclusives,Walgreens,Sasha Banks,2017,Mattel > Elite > Exclusives,Sasha Banks,
EliteWG4,Mattel,Elite,Exclusives,Walgreens,Becky Lynch,2017,Mattel > Elite > Exclusives,Becky Lynch,
EliteWG5,Mattel,Elite,Exclusives,Walgreens,Maryse,2018,Mattel > Elite > Exclusives,Maryse,
EliteTarget1,Mattel,Elite,Exclusives,Target,Rocky Maivia (The Rock),2014,Mattel > Elite > Exclusives,Rocky Maivia (The Rock),
EliteTarget2,Mattel,Elite,Exclusives,Target,Red Rooster,2019,Mattel > Elite > Exclusives,Red Rooster,
EliteGamestop1,Mattel,Elite,Exclusives,Game Stop,Brock Lesnar,2017,Mattel > Elite > Exclusives,Brock Lesnar,
EliteGamestop2,Mattel,Elite,Exclusives,Game Stop,Samoa Joe,2017,Mattel > Elite > Exclusives,Samoa Joe,
EliteGamestop3,Mattel,Elite,Exclusives,Game Stop,Chris Jericho,2018,Mattel > Elite > Exclusives,Chris Jericho,
EliteRSC1,Mattel,Elite,Exclusives,Ringside Collectibles,Rey Mysterio (Flash),2010,Mattel > Elite > Exclusives,Rey Mysterio,
EliteRSC2,Mattel,Elite,Exclusives,Ringside Collectibles,Kane (Masked),2011,Mattel > Elite > Exclusives,Kane,
EliteRSC3,Mattel,Elite,Exclusives,Ringside Collectibles,CM Punk (SES),2011,Mattel > Elite > Exclusives,CM Punk,
EliteRSC4,Mattel,Elite,Exclusives,Ringside Collectibles,Macho King,2011,Mattel > Elite > Exclusives,Macho Man Randy Savage,
EliteRSC5,Mattel,Elite,Exclusives,Ringside Collectibles,"Bret ""The Hitman"" Hart (Pink)",2012,Mattel > Elite > Exclusives,Bret the Hitman Hart,
EliteRSC6,Mattel,Elite,Exclusives,Ringside Collectibles,Stone Cold Steve Austin,2012,Mattel > Elite > Exclusives,Stone Cold Steve Austin,
EliteRSC7,Mattel,Elite,Exclusives,Ringside Collectibles,Cactus Jack,2013,Mattel > Elite > Exclusives,Cactus Jack,
EliteRSC8,Mattel,Elite,Exclusives,Ringside Collectibles,Kane (Hardcore),2013,Mattel > Elite > Exclusives,Kane,
EliteRSC9,Mattel,Elite,Exclusives,Ringside Collectibles,Brock Lesnar (Debut),2013,Mattel > Elite > Exclusives,Brock Lesnar,
EliteRSC10,Mattel,Elite,Exclusives,Ringside Collectibles,CM Punk (ECW),2014,Mattel > Elite > Exclusives,CM Punk,
EliteRSC11,Mattel,Elite,Exclusives,Ringside Collectibles,The Rock (1998),2014,Mattel > Elite > Exclusives,The Rock,
EliteRSC12,Mattel,Elite,Exclusives,Ringside Collectibles,Edge (Rated R),2014,Mattel > Elite > Exclusives,Edge,
EliteRSC13,Mattel,Elite,Exclusives,Ringside Collectibles,Shawn Michaels (90's),2015,Mattel > Elite > Exclusives,Shawn Michaels,
EliteRSC14,Mattel,Elite,Exclusives,Ringside Collectibles,Hulk Hogan (American),2015,Mattel > Elite > Exclusives,Hulk Hogan,
EliteRSC15,Mattel,Elite,Exclusives,Ringside Collectibles,Scott Hall,2015,Mattel > Elite > Exclusives,Scott Hall,
EliteRSC16,Mattel,Elite,Exclusives,Ringside Collectibles,Kevin Nash,2016,Mattel > Elite > Exclusives,Kevin Nash,
EliteRSC17,Mattel,Elite,Exclusives,Ringside Collectibles,Chris Jericho (Y2J),2016,Mattel > Elite > Exclusives,Chris Jericho,
EliteRSC18,Mattel,Elite,Exclusives,Ringside Collectibles,Sting (NWO Wolfpac),2016,Mattel > Elite > Exclusives,Sting,
EliteRSC19,Mattel,Elite,Exclusives,Ringside Collectibles,Finn Balor,2017,Mattel > Elite > Exclusives,Finn Balor,
EliteRSC20,Mattel,Elite,Exclusives,Ringside Collectibles,Chris Jericho (The List),2017,Mattel > Elite > Exclusives,Chris Jericho,
EliteRSC21,Mattel,Elite,Exclusives,Ringside Collectibles,Shane McMahon,2017,Mattel > Elite > Exclusives,Shane McMahon,
EliteRSC22,Mattel,Elite,Exclusives,Ringside Collectibles,Macho Man (NWO Wolfpac),2017,Mattel > Elite > Exclusives,Macho Man Randy Savage,
EliteRSC23,Mattel,Elite,Exclusives,Ringside Collectibles,Shawn Michaels (In Your House 97'),2017,Mattel > Elite > Exclusives,Shawn Michaels,
EliteRSC24,Mattel,Elite,Exclusives,Ringside Collectibles,"Bret ""The Hitman"" Hart (King of Ring)",2018,Mattel > Elite > Exclusives,Bret the Hitman Hart,
EliteRSC25,Mattel,Elite,Exclusives,Ringside Collectibles,The Brian Kendrick,2018,Mattel > Elite > Exclusives,Brian Kendrick,
EliteRSC26,Mattel,Elite,Exclusives,Ringside Collectibles,Kurt Angle (The Shield),2018,Mattel > Elite > Exclusives,Kurt Angle,
EliteRSC27,Mattel,Elite,Exclusives,Ringside Collectibles,Matt Hardy (ECW),2018,Mattel > Elite > Exclusives,Matt Hardy,
EliteRSC28,Mattel,Elite,Exclusives,Ringside Collectibles,The Brood Hardy Boyz (Matt and Jeff Hardy),2019,Mattel > Elite > Exclusives,,
EliteRSC29,Mattel,Elite,Exclusives,Ringside Collectibles,Undertaker (as Kane),2019,Mattel > Elite > Exclusives,Undertaker,
EliteRSC30,Mattel,Elite,Exclusives,Ringside Collectibles,Andrade,2019,Mattel > Elite > Exclusives,Andrade,
EliteUK1,Mattel,Elite,Exclusives,United Kingdom,Tyler Bate,2019,Mattel > Elite > Exclusives,Tyler Bate,
